Label,Function,SourceFile,Architecture
1,_init,Unknown,arm
2,abort,Unknown,arm
3,_dl_start,Unknown,arm
4,_Unwind_GetDataRelBase,Unknown,arm
5,_Unwind_GetTextRelBase,Unknown,arm
6,_IO_stdfiles_init,Unknown,arm
7,_start,Unknown,arm
8,call_weak_fn,Unknown,arm
9,deregister_tm_clones,Unknown,arm
10,register_tm_clones,Unknown,arm
11,__do_global_dtors_aux,Unknown,arm
12,frame_dummy,Unknown,arm
13,attack_app_proxy,Unknown,arm
14,attack_app_http,Unknown,arm
15,attack_app_cfnull,Unknown,arm
16,attack_gre_ip,Unknown,arm
17,attack_gre_eth,Unknown,arm
18,attack_init,Unknown,arm
19,attack_kill_all,Unknown,arm
20,attack_parse,Unknown,arm
21,attack_start,Unknown,arm
22,attack_get_opt_str,Unknown,arm
23,attack_get_opt_int,Unknown,arm
24,attack_get_opt_ip,Unknown,arm
25,add_attack,Unknown,arm
26,free_opts,Unknown,arm
27,attack_tcp_syn,Unknown,arm
28,attack_tcp_ack,Unknown,arm
29,attack_tcp_stomp,Unknown,arm
30,attack_udp_generic,Unknown,arm
31,attack_udp_vse,Unknown,arm
32,attack_udp_dns,Unknown,arm
33,attack_udp_plain,Unknown,arm
34,get_dns_resolver,Unknown,arm
35,checksum_generic,Unknown,arm
36,checksum_tcpudp,Unknown,arm
37,killer_init,Unknown,arm
38,killer_kill,Unknown,arm
39,killer_kill_by_port,Unknown,arm
40,has_exe_access,Unknown,arm
41,memory_scan_match,Unknown,arm
42,mem_exists,Unknown,arm
43,main,Unknown,arm
44,anti_gdb_entry,Unknown,arm
45,resolve_cnc_addr,Unknown,arm
46,establish_connection,Unknown,arm
47,teardown_connection,Unknown,arm
48,ensure_single_instance,Unknown,arm
49,unlock_tbl_if_nodebug,Unknown,arm
50,rand_init,Unknown,arm
51,rand_next,Unknown,arm
52,rand_str,Unknown,arm
53,rand_alphastr,Unknown,arm
54,resolv_domain_to_hostname,Unknown,arm
55,resolv_skip_name,Unknown,arm
56,resolv_lookup,Unknown,arm
57,resolv_entries_free,Unknown,arm
58,table_init,Unknown,arm
59,table_unlock_val,Unknown,arm
60,table_lock_val,Unknown,arm
61,table_retrieve_val,Unknown,arm
62,add_entry,Unknown,arm
63,toggle_obf,Unknown,arm
64,util_strlen,Unknown,arm
65,util_strncmp,Unknown,arm
66,util_strcmp,Unknown,arm
67,util_strcpy,Unknown,arm
68,util_memcpy,Unknown,arm
69,util_zero,Unknown,arm
70,util_atoi,Unknown,arm
71,util_itoa,Unknown,arm
72,util_memsearch,Unknown,arm
73,util_stristr,Unknown,arm
74,util_local_addr,Unknown,arm
75,util_fdgets,Unknown,arm
76,util_isupper,Unknown,arm
77,util_isalpha,Unknown,arm
78,util_isspace,Unknown,arm
79,util_isdigit,Unknown,arm
80,__udivsi3,Unknown,arm
81,__aeabi_uidivmod,Unknown,arm
82,__divsi3,Unknown,arm
83,.divsi3_skip_div0_test,Unknown,arm
84,__aeabi_idivmod,Unknown,arm
85,__aeabi_ldiv0,Unknown,arm
86,call_fini,Unknown,arm
87,__libc_start_call_main,Unknown,arm
88,__libc_start_main_impl,Unknown,arm
89,__libc_setup_tls,Unknown,arm
90,__tls_get_addr,Unknown,arm
91,__errno_location,Unknown,arm
92,__aeabi_read_tp,Unknown,arm
93,_setjmp,Unknown,arm
94,__bsd_signal,Unknown,arm
95,raise,Unknown,arm
96,__sigaction,Unknown,arm
97,__libc_sigaction,Unknown,arm
98,__sigprocmask,Unknown,arm
99,__kill,Unknown,arm
100,sigemptyset,Unknown,arm
101,sigaddset,Unknown,arm
102,__default_sa_restorer,Unknown,arm
103,__default_rt_sa_restorer,Unknown,arm
104,atoi,Unknown,arm
105,__new_exitfn,Unknown,arm
106,__internal_atexit,Unknown,arm
107,__cxa_atexit,Unknown,arm
108,__run_exit_handlers,Unknown,arm
109,exit,Unknown,arm
110,__strtol_internal,Unknown,arm
111,__strtol,Unknown,arm
112,__isoc23_strtol,Unknown,arm
113,____strtol_l_internal,Unknown,arm
114,__strtol_l,Unknown,arm
115,__isoc23_strtol_l,Unknown,arm
116,__correctly_grouped_prefixmb,Unknown,arm
117,__libc_message_impl,Unknown,arm
118,__libc_fatal,Unknown,arm
119,__lll_lock_wait_private,Unknown,arm
120,__lll_lock_wait,Unknown,arm
121,__lll_lock_wake_private,Unknown,arm
122,__lll_lock_wake,Unknown,arm
123,__nptl_deallocate_tsd,Unknown,arm
124,__pthread_kill_implementation,Unknown,arm
125,__pthread_kill_internal,Unknown,arm
126,__pthread_kill,Unknown,arm
127,__pthread_self,Unknown,arm
128,__pthread_sigmask,Unknown,arm
129,_dl_tunable_set_mmap_threshold,Unknown,arm
130,_dl_tunable_set_mmaps_max,Unknown,arm
131,_dl_tunable_set_top_pad,Unknown,arm
132,_dl_tunable_set_perturb_byte,Unknown,arm
133,_dl_tunable_set_trim_threshold,Unknown,arm
134,_dl_tunable_set_arena_max,Unknown,arm
135,_dl_tunable_set_arena_test,Unknown,arm
136,_dl_tunable_set_tcache_max,Unknown,arm
137,_dl_tunable_set_tcache_count,Unknown,arm
138,_dl_tunable_set_tcache_unsorted_limit,Unknown,arm
139,_dl_tunable_set_mxfast,Unknown,arm
140,malloc_printerr,Unknown,arm
141,int_mallinfo,Unknown,arm
142,alloc_perturb,Unknown,arm
143,munmap_chunk,Unknown,arm
144,detach_arena,Unknown,arm
145,_dl_tunable_set_hugetlb,Unknown,arm
146,__malloc_info,Unknown,arm
147,unlink_chunk,Unknown,arm
148,malloc_consolidate,Unknown,arm
149,_int_free_create_chunk,Unknown,arm
150,ptmalloc_init,Unknown,arm
151,alloc_new_heap,Unknown,arm
152,new_heap,Unknown,arm
153,arena_get2,Unknown,arm
154,arena_get_retry,Unknown,arm
155,sysmalloc_mmap_fallback,Unknown,arm
156,sysmalloc_mmap,Unknown,arm
157,systrim,Unknown,arm
158,_int_free_maybe_consolidate,Unknown,arm
159,_int_free_merge_chunk,Unknown,arm
160,_int_free,Unknown,arm
161,sysmalloc,Unknown,arm
162,_int_malloc,Unknown,arm
163,tcache_init,Unknown,arm
164,_int_realloc,Unknown,arm
165,_int_memalign,Unknown,arm
166,__glibc_morecore,Unknown,arm
167,__malloc_fork_lock_parent,Unknown,arm
168,__malloc_fork_unlock_parent,Unknown,arm
169,__malloc_fork_unlock_child,Unknown,arm
170,__libc_malloc,Unknown,arm
171,_mid_memalign,Unknown,arm
172,__libc_free,Unknown,arm
173,__malloc_arena_thread_freeres,Unknown,arm
174,__libc_realloc,Unknown,arm
175,__libc_memalign,Unknown,arm
176,aligned_alloc,Unknown,arm
177,__libc_valloc,Unknown,arm
178,__libc_pvalloc,Unknown,arm
179,__libc_calloc,Unknown,arm
180,__malloc_trim,Unknown,arm
181,__malloc_usable_size,Unknown,arm
182,__libc_mallinfo2,Unknown,arm
183,__libc_mallinfo,Unknown,arm
184,__malloc_stats,Unknown,arm
185,__libc_mallopt,Unknown,arm
186,__posix_memalign,Unknown,arm
146,__malloc_info,Unknown,arm
187,memcmp,Unknown,arm
188,memcpy,Unknown,arm
189,memmove,Unknown,arm
190,memset,Unknown,arm
191,__strchrnul,Unknown,arm
192,strlen,Unknown,arm
193,clock,Unknown,arm
194,__time64,Unknown,arm
195,__time,Unknown,arm
196,__clock_gettime64,Unknown,arm
197,__clock_gettime,Unknown,arm
198,__closedir,Unknown,arm
199,opendir_tail,Unknown,arm
200,__opendirat,Unknown,arm
201,__opendir,Unknown,arm
202,__alloc_dir,Unknown,arm
203,__readdir_unlocked,Unknown,arm
204,__readdir,Unknown,arm
205,_exit,Unknown,arm
206,__libc_fork,Unknown,arm
207,__getpid,Unknown,arm
208,__getppid,Unknown,arm
209,__register_atfork,Unknown,arm
210,__unregister_atfork,Unknown,arm
211,__run_prefork_handlers,Unknown,arm
212,__run_postfork_handlers,Unknown,arm
213,__libc_atfork_freemem,Unknown,arm
214,__setsid,Unknown,arm
215,__sleep,Unknown,arm
216,__chdir,Unknown,arm
217,__close,Unknown,arm
218,__libc_fcntl,Unknown,arm
219,__fstat64_time64,Unknown,arm
220,__fstat64,Unknown,arm
221,__fstatat64_time64,Unknown,arm
222,__fstatat64,Unknown,arm
223,__libc_open,Unknown,arm
224,__libc_read,Unknown,arm
225,__readlink,Unknown,arm
226,__unlink,Unknown,arm
227,__libc_write,Unknown,arm
228,__close_nocancel,Unknown,arm
229,__fcntl64_nocancel,Unknown,arm
230,__fcntl64_nocancel_adjusted,Unknown,arm
231,__open_nocancel,Unknown,arm
232,__openat_nocancel,Unknown,arm
233,__read_nocancel,Unknown,arm
234,__cp_stat64_t64_stat64,Unknown,arm
235,__brk,Unknown,arm
236,next_line,Unknown,arm
237,read_sysfs_file,Unknown,arm
238,get_nproc_stat,Unknown,arm
239,__get_nprocs_sched,Unknown,arm
240,__get_nprocs,Unknown,arm
241,__get_nprocs_conf,Unknown,arm
242,__get_phys_pages,Unknown,arm
243,__get_avphys_pages,Unknown,arm
244,__ioctl,Unknown,arm
245,__madvise,Unknown,arm
246,__mmap,Unknown,arm
247,__mprotect,Unknown,arm
248,__munmap,Unknown,arm
249,__sbrk,Unknown,arm
250,__select64,Unknown,arm
251,__select,Unknown,arm
252,__mremap,Unknown,arm
253,__prctl,Unknown,arm
254,__set_vma_name,Unknown,arm
255,__sysinfo,Unknown,arm
256,__malloc_default_thp_pagesize,Unknown,arm
257,__malloc_thp_mode,Unknown,arm
258,__malloc_hugepage_config,Unknown,arm
259,__libc_accept,Unknown,arm
260,__bind,Unknown,arm
261,__libc_connect,Unknown,arm
262,__getsockname,Unknown,arm
263,__getsockopt,Unknown,arm
264,__listen,Unknown,arm
265,__libc_recv,Unknown,arm
266,__libc_recvfrom,Unknown,arm
267,__libc_send,Unknown,arm
268,__libc_sendto,Unknown,arm
269,__setsockopt,Unknown,arm
270,__socket,Unknown,arm
271,htonl,Unknown,arm
272,htons,Unknown,arm
273,inet_aton_end,Unknown,arm
274,__inet_aton_exact,Unknown,arm
275,__inet_aton_ignore_trailing,Unknown,arm
276,__inet_addr,Unknown,arm
277,_dl_debug_state,Unknown,arm
278,_dl_debug_update,Unknown,arm
279,_dl_debug_initialize,Unknown,arm
280,_dl_allocate_tls_init,Unknown,arm
281,_dl_tls_static_surplus_init,Unknown,arm
282,_dl_assign_tls_modid,Unknown,arm
283,_dl_count_modids,Unknown,arm
284,_dl_get_tls_static_info,Unknown,arm
285,_dl_allocate_tls_storage,Unknown,arm
280,_dl_allocate_tls_init,Unknown,arm
286,_dl_allocate_tls,Unknown,arm
287,_dl_deallocate_tls,Unknown,arm
288,_dl_tls_get_addr_soft,Unknown,arm
289,_dl_tls_initial_modid_limit_setup,Unknown,arm
290,_dl_add_to_slotinfo,Unknown,arm
291,_dl_init_static_tls,Unknown,arm
292,__tls_pre_init_tp,Unknown,arm
293,__tls_init_tp,Unknown,arm
294,do_tunable_update_val,Unknown,arm
295,tunable_initialize,Unknown,arm
296,__tunable_is_initialized,Unknown,arm
297,__tunable_set_val,Unknown,arm
298,__tunables_init,Unknown,arm
299,__tunables_print,Unknown,arm
300,__tunable_get_default,Unknown,arm
301,__tunable_get_val,Unknown,arm
302,_dl_early_allocate,Unknown,arm
303,_dl_aux_init,Unknown,arm
304,_dl_non_dynamic_init,Unknown,arm
305,_dl_get_dl_main_map,Unknown,arm
306,_dl_audit_pltexit,Unknown,arm
307,__libc_early_init,Unknown,arm
308,check_one_fd,Unknown,arm
309,__libc_check_standard_fds,Unknown,arm
310,__libc_init_first,Unknown,arm
311,__syscall_error,Unknown,arm
312,__libc_assert_fail,Unknown,arm
313,__ctype_b_loc,Unknown,arm
314,__ctype_toupper_loc,Unknown,arm
315,__ctype_tolower_loc,Unknown,arm
316,__ctype_init,Unknown,arm
317,__sigsetjmp,Unknown,arm
318,__sigjmp_save,Unknown,arm
319,getenv,Unknown,arm
320,__add_to_environ,Unknown,arm
321,__setenv,Unknown,arm
322,__unsetenv,Unknown,arm
323,__clearenv,Unknown,arm
324,__libc_setenv_freemem,Unknown,arm
325,__strtoul_internal,Unknown,arm
326,__strtoul,Unknown,arm
327,__isoc23_strtoul,Unknown,arm
328,____strtoul_l_internal,Unknown,arm
329,__strtoul_l,Unknown,arm
330,__isoc23_strtoul_l,Unknown,arm
331,_itoa_word,Unknown,arm
332,_itoa,Unknown,arm
333,_fitoa_word,Unknown,arm
334,_fitoa,Unknown,arm
335,__fprintf,Unknown,arm
336,outstring_converted_wide_string,Unknown,arm
337,group_number,Unknown,arm
338,printf_positional,Unknown,arm
339,__printf_buffer,Unknown,arm
340,__vfprintf_internal,Unknown,arm
341,__get_errname,Unknown,arm
342,__parse_one_specmb,Unknown,arm
343,_IO_fputs,Unknown,arm
344,_IO_fwrite,Unknown,arm
345,_IO_vtable_check,Unknown,arm
346,new_do_write,Unknown,arm
347,mmap_remap_check,Unknown,arm
348,decide_maybe_mmap,Unknown,arm
349,_IO_new_file_init_internal,Unknown,arm
350,_IO_new_file_init,Unknown,arm
351,_IO_file_open,Unknown,arm
352,_IO_new_file_attach,Unknown,arm
353,_IO_new_file_setbuf,Unknown,arm
354,_IO_file_setbuf_mmap,Unknown,arm
355,_IO_new_do_write,Unknown,arm
356,_IO_new_file_close_it,Unknown,arm
357,_IO_new_file_fopen,Unknown,arm
358,_IO_new_file_finish,Unknown,arm
359,_IO_new_file_underflow,Unknown,arm
360,_IO_file_underflow_mmap,Unknown,arm
361,_IO_file_underflow_maybe_mmap,Unknown,arm
362,_IO_new_file_overflow,Unknown,arm
363,_IO_new_file_sync,Unknown,arm
364,_IO_file_sync_mmap,Unknown,arm
365,_IO_new_file_seekoff,Unknown,arm
366,_IO_file_seekoff_mmap,Unknown,arm
367,_IO_file_seekoff_maybe_mmap,Unknown,arm
368,_IO_file_read,Unknown,arm
369,_IO_file_seek,Unknown,arm
370,_IO_file_stat,Unknown,arm
371,_IO_file_close_mmap,Unknown,arm
372,_IO_file_close,Unknown,arm
373,_IO_new_file_write,Unknown,arm
374,_IO_new_file_xsputn,Unknown,arm
375,_IO_file_xsgetn,Unknown,arm
376,_IO_file_xsgetn_mmap,Unknown,arm
377,_IO_file_xsgetn_maybe_mmap,Unknown,arm
378,flush_cleanup,Unknown,arm
379,save_for_backup,Unknown,arm
380,_IO_un_link,Unknown,arm
380,_IO_un_link,Unknown,arm
381,_IO_link_in,Unknown,arm
382,_IO_least_marker,Unknown,arm
383,_IO_switch_to_main_get_area,Unknown,arm
384,_IO_switch_to_backup_area,Unknown,arm
385,_IO_switch_to_get_mode,Unknown,arm
386,_IO_free_backup_area,Unknown,arm
387,__overflow,Unknown,arm
388,__underflow,Unknown,arm
389,__uflow,Unknown,arm
390,_IO_setb,Unknown,arm
391,_IO_doallocbuf,Unknown,arm
392,_IO_default_underflow,Unknown,arm
393,_IO_default_uflow,Unknown,arm
394,_IO_default_xsputn,Unknown,arm
395,_IO_sgetn,Unknown,arm
396,_IO_default_xsgetn,Unknown,arm
397,_IO_default_setbuf,Unknown,arm
398,_IO_default_seekpos,Unknown,arm
399,_IO_default_doallocate,Unknown,arm
400,_IO_init_internal,Unknown,arm
401,_IO_init,Unknown,arm
402,_IO_enable_locks,Unknown,arm
403,_IO_old_init,Unknown,arm
404,_IO_no_init,Unknown,arm
405,_IO_default_sync,Unknown,arm
406,_IO_default_finish,Unknown,arm
407,_IO_default_seekoff,Unknown,arm
408,_IO_sputbackc,Unknown,arm
409,_IO_sungetc,Unknown,arm
410,_IO_adjust_column,Unknown,arm
411,_IO_flush_all,Unknown,arm
412,_IO_flush_all_linebuffered,Unknown,arm
413,__libio_freemem,Unknown,arm
414,_IO_cleanup,Unknown,arm
415,_IO_init_marker,Unknown,arm
416,_IO_remove_marker,Unknown,arm
417,_IO_marker_difference,Unknown,arm
418,_IO_marker_delta,Unknown,arm
419,_IO_seekmark,Unknown,arm
420,_IO_unsave_markers,Unknown,arm
421,_IO_default_pbackfail,Unknown,arm
422,_IO_default_seek,Unknown,arm
423,_IO_default_stat,Unknown,arm
424,_IO_default_read,Unknown,arm
425,_IO_default_write,Unknown,arm
426,_IO_default_showmanyc,Unknown,arm
427,_IO_default_imbue,Unknown,arm
428,_IO_iter_begin,Unknown,arm
429,_IO_iter_end,Unknown,arm
430,_IO_iter_next,Unknown,arm
431,_IO_iter_file,Unknown,arm
432,_IO_list_lock,Unknown,arm
433,_IO_list_unlock,Unknown,arm
434,_IO_list_resetlock,Unknown,arm
435,enlarge_userbuf,Unknown,arm
436,_IO_str_init_static_internal,Unknown,arm
437,_IO_str_init_static,Unknown,arm
438,_IO_str_init_readonly,Unknown,arm
439,_IO_str_overflow,Unknown,arm
440,_IO_str_underflow,Unknown,arm
441,_IO_str_count,Unknown,arm
442,_IO_str_seekoff,Unknown,arm
443,_IO_str_pbackfail,Unknown,arm
444,_IO_str_finish,Unknown,arm
445,__pthread_enable_asynccancel,Unknown,arm
446,__pthread_disable_asynccancel,Unknown,arm
447,__libc_cleanup_push_defer,Unknown,arm
448,__libc_cleanup_pop_restore,Unknown,arm
449,_dl_tunable_set_mutex_spin_count,Unknown,arm
450,_dl_tunable_set_stack_cache_size,Unknown,arm
451,_dl_tunable_set_stack_hugetlb,Unknown,arm
452,__pthread_tunables_init,Unknown,arm
453,__pthread_mutex_lock_full,Unknown,arm
454,___pthread_mutex_lock,Unknown,arm
455,__pthread_mutex_unlock_full,Unknown,arm
456,__pthread_mutex_unlock_usercnt,Unknown,arm
457,___pthread_mutex_unlock,Unknown,arm
458,__pthread_cleanup_combined_routine_voidptr,Unknown,arm
459,clear_once_control,Unknown,arm
460,__pthread_once_slow,Unknown,arm
461,___pthread_once,Unknown,arm
462,__init_sched_fifo_prio,Unknown,arm
463,__pthread_tpp_change_priority,Unknown,arm
464,__pthread_current_priority,Unknown,arm
465,__libc_scratch_buffer_grow_preserve,Unknown,arm
466,__libc_scratch_buffer_set_array_size,Unknown,arm
467,__libc_dynarray_at_failure,Unknown,arm
468,__libc_dynarray_emplace_enlarge,Unknown,arm
469,__strerror_r,Unknown,arm
470,__memchr,Unknown,arm
471,strchr,Unknown,arm
472,strcmp,Unknown,arm
473,strncmp,Unknown,arm
474,__strnlen,Unknown,arm
475,strrchr,Unknown,arm
476,two_way_long_needle,Unknown,arm
477,strstr,Unknown,arm
478,__wcrtomb_internal,Unknown,arm
479,__wcrtomb,Unknown,arm
480,__wcsmbs_getfct,Unknown,arm
481,__wcsmbs_load_conv,Unknown,arm
482,__wcsmbs_clone_conv,Unknown,arm
483,__wcsmbs_named_conv,Unknown,arm
484,_nl_cleanup_ctype,Unknown,arm
485,__wcsrtombs,Unknown,arm
486,__getdents,Unknown,arm
487,__getdents64,Unknown,arm
488,_Fork,Unknown,arm
489,__nanosleep64,Unknown,arm
490,__nanosleep,Unknown,arm
491,__sched_cpucount,Unknown,arm
492,__sched_getparam,Unknown,arm
493,__sched_getscheduler,Unknown,arm
494,__sched_get_priority_max,Unknown,arm
495,__sched_get_priority_min,Unknown,arm
496,__sched_setscheduler,Unknown,arm
497,__lseek64,Unknown,arm
498,__open64_nocancel,Unknown,arm
499,__pread64_nocancel,Unknown,arm
500,__write_nocancel,Unknown,arm
501,__new_getrlimit,Unknown,arm
502,__getpagesize,Unknown,arm
503,__mmap64,Unknown,arm
504,trecurse,Unknown,arm
505,trecurse_r,Unknown,arm
506,tdestroy_recurse,Unknown,arm
507,maybe_split_for_insert,Unknown,arm
508,__tsearch,Unknown,arm
509,__tfind,Unknown,arm
510,__tdelete,Unknown,arm
511,__twalk,Unknown,arm
512,__twalk_r,Unknown,arm
513,__tdestroy,Unknown,arm
514,__init_misc,Unknown,arm
515,__chk_fail,Unknown,arm
516,__fortify_fail,Unknown,arm
517,__readonly_area,Unknown,arm
518,fatal_error,Unknown,arm
519,_dl_signal_exception,Unknown,arm
520,_dl_signal_error,Unknown,arm
521,_dl_catch_exception,Unknown,arm
522,_dl_catch_error,Unknown,arm
523,length_mismatch,Unknown,arm
524,_dl_error_free,Unknown,arm
525,_dl_exception_create,Unknown,arm
526,_dl_exception_create_format,Unknown,arm
527,_dl_exception_free,Unknown,arm
528,is_dst,Unknown,arm
529,is_trusted_path_normalize,Unknown,arm
530,open_verify,Unknown,arm
531,add_path,Unknown,arm
532,open_path,Unknown,arm
533,add_name_to_object,Unknown,arm
534,_dl_dst_count,Unknown,arm
535,_dl_dst_substitute,Unknown,arm
536,expand_dynamic_string_token,Unknown,arm
537,fillin_rpath,Unknown,arm
538,decompose_rpath,Unknown,arm
539,cache_rpath,Unknown,arm
540,_dl_init_paths,Unknown,arm
541,_dl_process_pt_gnu_property,Unknown,arm
542,_dl_map_object_from_fd,Unknown,arm
543,_dl_map_object,Unknown,arm
544,_dl_rtld_di_serinfo,Unknown,arm
545,check_match,Unknown,arm
546,do_lookup_x,Unknown,arm
547,_dl_lookup_symbol_x,Unknown,arm
548,_dl_sysdep_read_whole_file,Unknown,arm
549,_dl_name_match_p,Unknown,arm
550,_dl_higher_prime_number,Unknown,arm
551,_dl_strtoul,Unknown,arm
552,_dl_add_to_namespace_list,Unknown,arm
553,_dl_new_object,Unknown,arm
554,_dl_get_origin,Unknown,arm
555,_dl_debug_vdprintf,Unknown,arm
556,_dl_debug_printf,Unknown,arm
557,_dl_debug_printf_c,Unknown,arm
558,_dl_dprintf,Unknown,arm
559,_dl_printf,Unknown,arm
560,_dl_error_printf,Unknown,arm
561,_dl_fatal_printf,Unknown,arm
562,relocate_pc24,Unknown,arm
563,_dl_try_allocate_static_tls,Unknown,arm
564,_dl_allocate_static_tls,Unknown,arm
565,_dl_protect_relro,Unknown,arm
566,_dl_reloc_bad_type,Unknown,arm
567,_dl_relocate_object,Unknown,arm
568,_dl_scope_free,Unknown,arm
569,_dl_setup_hash,Unknown,arm
570,__thread_gscope_wait,Unknown,arm
571,_dl_runtime_resolve,Unknown,arm
572,_dl_cache_libcmp,Unknown,arm
573,search_cache,Unknown,arm
574,_dl_load_cache_lookup,Unknown,arm
575,_dl_unload_cache,Unknown,arm
576,_dl_tlsdesc_return,Unknown,arm
577,_dl_tlsdesc_undefweak,Unknown,arm
578,__gconv_alias_compare,Unknown,arm
579,free_derivation,Unknown,arm
580,free_modules_db,Unknown,arm
581,derivation_compare,Unknown,arm
582,__gconv_get_modules_db,Unknown,arm
583,__gconv_get_alias_db,Unknown,arm
584,__gconv_release_step,Unknown,arm
585,find_derivation,Unknown,arm
586,__gconv_compare_alias,Unknown,arm
587,__gconv_find_transform,Unknown,arm
588,__gconv_close_transform,Unknown,arm
589,__gconv_db_freemem,Unknown,arm
590,__gconv_get_path,Unknown,arm
591,insert_module,Unknown,arm
592,add_module,Unknown,arm
593,add_alias2,Unknown,arm
594,read_conf_file,Unknown,arm
595,__gconv_read_conf,Unknown,arm
596,__gconv_load_conf,Unknown,arm
597,__gconv_conf_freemem,Unknown,arm
598,__gconv_get_builtin_trans,Unknown,arm
599,__gconv_btwoc_ascii,Unknown,arm
600,__gconv_transform_internal_ucs4,Unknown,arm
601,__gconv_transform_ucs4_internal,Unknown,arm
602,__gconv_transform_internal_ucs4le,Unknown,arm
603,__gconv_transform_ucs4le_internal,Unknown,arm
604,__gconv_transform_ascii_internal,Unknown,arm
605,__gconv_transform_internal_ascii,Unknown,arm
606,__gconv_transform_internal_utf8,Unknown,arm
607,__gconv_transform_utf8_internal,Unknown,arm
608,__gconv_transform_ucs2_internal,Unknown,arm
609,__gconv_transform_internal_ucs2,Unknown,arm
610,__gconv_transform_ucs2reverse_internal,Unknown,arm
611,__gconv_transform_internal_ucs2reverse,Unknown,arm
612,__gconv_transliterate,Unknown,arm
613,find_module_idx,Unknown,arm
614,find_module,Unknown,arm
615,__gconv_get_cache,Unknown,arm
616,__gconv_load_cache,Unknown,arm
617,__gconv_compare_alias_cache,Unknown,arm
618,__gconv_lookup_cache,Unknown,arm
619,__gconv_release_cache,Unknown,arm
620,__gconv_cache_freemem,Unknown,arm
621,known_compare,Unknown,arm
622,do_release_shlib,Unknown,arm
623,do_release_all,Unknown,arm
624,__gconv_find_shlib,Unknown,arm
625,__gconv_release_shlib,Unknown,arm
626,__gconv_dl_freemem,Unknown,arm
627,new_composite_name,Unknown,arm
628,free_category,Unknown,arm
629,setlocale,Unknown,arm
630,_nl_locale_subfreeres,Unknown,arm
631,_nl_postload_ctype,Unknown,arm
632,__dcgettext,Unknown,arm
633,plural_eval,Unknown,arm
634,transcmp,Unknown,arm
635,_nl_find_msg,Unknown,arm
636,__dcigettext,Unknown,arm
637,__intl_freemem,Unknown,arm
638,_nl_find_domain,Unknown,arm
639,_nl_finddomain_subfreeres,Unknown,arm
640,_nl_load_domain,Unknown,arm
641,_nl_unload_domain,Unknown,arm
642,alias_compare,Unknown,arm
643,read_alias_file,Unknown,arm
644,_nl_expand_alias,Unknown,arm
645,__libc_localealias_freemem,Unknown,arm
646,_nl_make_l10nflist,Unknown,arm
647,_nl_normalize_codeset,Unknown,arm
648,_nl_explode_name,Unknown,arm
649,__gettext_free_exp,Unknown,arm
650,__gettextparse,Unknown,arm
651,__gettext_extract_plural,Unknown,arm
652,__hash_string,Unknown,arm
653,__longjmp,Unknown,arm
654,do_swap,Unknown,arm
655,msort_with_tmp,Unknown,arm
656,indirect_msort_with_tmp,Unknown,arm
657,__qsort_r,Unknown,arm
658,qsort,Unknown,arm
659,___asprintf,Unknown,arm
660,__funlockfile,Unknown,arm
661,__grouping_iterator_init_none,Unknown,arm
662,__grouping_iterator_init,Unknown,arm
663,__grouping_iterator_next,Unknown,arm
664,__printf_buffer_done,Unknown,arm
665,__printf_buffer_pad_1,Unknown,arm
666,__printf_buffer_putc_1,Unknown,arm
667,__printf_buffer_puts_1,Unknown,arm
668,__printf_buffer_to_file_switch,Unknown,arm
669,__printf_buffer_flush_to_file,Unknown,arm
670,__printf_buffer_to_file_init,Unknown,arm
671,__printf_buffer_to_file_done,Unknown,arm
672,__printf_buffer_write,Unknown,arm
673,hack_digit,Unknown,arm
674,__printf_fp_buffer_1,Unknown,arm
675,__printf_buffer_flush_fp,Unknown,arm
676,__printf_fp_l_buffer,Unknown,arm
677,__printf_buffer_flush_fp_to_wide,Unknown,arm
678,__wprintf_fp_l_buffer,Unknown,arm
679,___printf_fp,Unknown,arm
680,__printf_fphex_buffer,Unknown,arm
681,__printf_fphex_l_buffer,Unknown,arm
682,__printf_buffer_flush_fphex_to_wide,Unknown,arm
683,__wprintf_fphex_l_buffer,Unknown,arm
684,__printf_function_invoke,Unknown,arm
685,__register_printf_modifier,Unknown,arm
686,__handle_registered_modifier_mb,Unknown,arm
687,__handle_registered_modifier_wc,Unknown,arm
688,__libc_printf_freemem,Unknown,arm
689,__register_printf_specifier,Unknown,arm
690,__register_printf_function,Unknown,arm
691,__register_printf_type,Unknown,arm
692,__snprintf,Unknown,arm
693,__translated_number_width,Unknown,arm
694,__wprintf_buffer_putc_1,Unknown,arm
695,__wprintf_buffer_flush_to_file,Unknown,arm
696,__wprintf_buffer_to_file_init,Unknown,arm
697,__wprintf_buffer_to_file_done,Unknown,arm
698,__get_errlist,Unknown,arm
699,_IO_file_doallocate,Unknown,arm
700,_IO_new_fclose,Unknown,arm
701,__fopen_maybe_mmap,Unknown,arm
702,__fopen_internal,Unknown,arm
703,_IO_new_fopen,Unknown,arm
704,__getdelim,Unknown,arm
705,save_for_wbackup,Unknown,arm
706,_IO_least_wmarker,Unknown,arm
707,_IO_switch_to_main_wget_area,Unknown,arm
708,_IO_switch_to_wbackup_area,Unknown,arm
709,_IO_wsetb,Unknown,arm
710,_IO_wdefault_pbackfail,Unknown,arm
711,_IO_wdefault_finish,Unknown,arm
712,_IO_wdefault_uflow,Unknown,arm
713,__woverflow,Unknown,arm
714,_IO_wdefault_xsputn,Unknown,arm
715,_IO_wdoallocbuf,Unknown,arm
716,_IO_wdefault_doallocate,Unknown,arm
717,_IO_switch_to_wget_mode,Unknown,arm
718,_IO_free_wbackup_area,Unknown,arm
719,__wuflow,Unknown,arm
720,__wunderflow,Unknown,arm
721,_IO_wdefault_xsgetn,Unknown,arm
722,_IO_sputbackwc,Unknown,arm
723,_IO_sungetwc,Unknown,arm
724,_IO_adjust_wcolumn,Unknown,arm
725,_IO_init_wmarker,Unknown,arm
726,_IO_wmarker_delta,Unknown,arm
727,_IO_seekwmark,Unknown,arm
728,_IO_unsave_wmarkers,Unknown,arm
729,adjust_wide_data,Unknown,arm
730,_IO_wdo_write,Unknown,arm
731,_IO_wfile_underflow,Unknown,arm
732,_IO_wfile_underflow_mmap,Unknown,arm
733,_IO_wfile_underflow_maybe_mmap,Unknown,arm
734,_IO_wfile_overflow,Unknown,arm
735,_IO_wfile_sync,Unknown,arm
736,_IO_wfile_seekoff,Unknown,arm
737,_IO_wfile_xsputn,Unknown,arm
738,_IO_fwide,Unknown,arm
739,__libio_codecvt_out,Unknown,arm
740,__libio_codecvt_in,Unknown,arm
741,__libio_codecvt_encoding,Unknown,arm
742,__libio_codecvt_length,Unknown,arm
743,__printf_buffer_flush_asprintf,Unknown,arm
744,__vasprintf_internal,Unknown,arm
745,__vasprintf,Unknown,arm
746,__printf_buffer_flush_snprintf,Unknown,arm
747,__printf_buffer_snprintf_init,Unknown,arm
748,__printf_buffer_snprintf_done,Unknown,arm
749,__vsnprintf_internal,Unknown,arm
750,___vsnprintf,Unknown,arm
751,__fgets_unlocked,Unknown,arm
752,__libc_alloca_cutoff,Unknown,arm
753,__pthread_cleanup_push,Unknown,arm
754,__pthread_cleanup_pop,Unknown,arm
755,__futex_abstimed_wait64,Unknown,arm
756,__futex_abstimed_wait_cancelable64,Unknown,arm
757,__futex_lock_pi64,Unknown,arm
758,__nptl_stack_list_del,Unknown,arm
759,__nptl_stack_list_add,Unknown,arm
760,__nptl_free_stacks,Unknown,arm
761,__nptl_deallocate_stack,Unknown,arm
762,__pthread_get_minstack,Unknown,arm
763,___pthread_rwlock_init,Unknown,arm
764,___pthread_rwlock_rdlock,Unknown,arm
765,___pthread_rwlock_unlock,Unknown,arm
766,___pthread_rwlock_wrlock,Unknown,arm
767,__argz_add_sep,Unknown,arm
768,__argz_create_sep,Unknown,arm
769,__memrchr,Unknown,arm
770,__stpcpy,Unknown,arm
771,__strcasecmp_l,Unknown,arm
772,strcpy,Unknown,arm
773,strcspn,Unknown,arm
774,__strdup,Unknown,arm
775,__strsep,Unknown,arm
776,__strtok_r,Unknown,arm
777,__wcslen,Unknown,arm
778,__wcsnlen,Unknown,arm
779,__wmemchr,Unknown,arm
780,__wmemcpy,Unknown,arm
781,__wmemmove,Unknown,arm
782,__wmempcpy,Unknown,arm
783,__clock_nanosleep_time64,Unknown,arm
784,__clock_nanosleep,Unknown,arm
785,__readdir64,Unknown,arm
786,__getcwd,Unknown,arm
787,__isatty,Unknown,arm
788,__lstat64_time64,Unknown,arm
789,__lstat64,Unknown,arm
790,__libc_openat64,Unknown,arm
791,__stat64_time64,Unknown,arm
792,__stat64,Unknown,arm
793,__tcgetattr,Unknown,arm
794,_dl_make_stacks_executable,Unknown,arm
795,__nptl_change_stack_perm,Unknown,arm
796,_dl_fixup,Unknown,arm
797,do_dlopen,Unknown,arm
798,dlerror_run,Unknown,arm
799,do_dlsym_private,Unknown,arm
800,do_dlsym,Unknown,arm
801,do_dlvsym,Unknown,arm
802,do_dlclose,Unknown,arm
803,free_slotinfo,Unknown,arm
804,__libc_dlopen_mode,Unknown,arm
805,__libc_dlsym_private,Unknown,arm
806,__libc_dlsym,Unknown,arm
807,__libc_dlvsym,Unknown,arm
808,__libc_dlclose,Unknown,arm
809,__dl_libc_freemem,Unknown,arm
810,__gconv_open,Unknown,arm
811,__gconv,Unknown,arm
812,__gconv_close,Unknown,arm
813,gconv_parse_code,Unknown,arm
814,__gconv_create_spec,Unknown,arm
815,__gconv_destroy_spec,Unknown,arm
816,_nl_find_locale,Unknown,arm
817,_nl_remove_locale,Unknown,arm
818,rangecmp,Unknown,arm
819,_nl_load_locale_from_archive,Unknown,arm
820,_nl_archive_subfreeres,Unknown,arm
821,_nl_intern_locale_data,Unknown,arm
822,_nl_load_locale,Unknown,arm
823,_nl_unload_locale,Unknown,arm
824,__current_locale_name,Unknown,arm
825,__mpn_cmp,Unknown,arm
826,__mpn_divrem,Unknown,arm
827,__mpn_lshift,Unknown,arm
828,__mpn_mul,Unknown,arm
829,__mpn_mul_1,Unknown,arm
830,__mpn_impn_mul_n_basecase,Unknown,arm
831,__mpn_impn_mul_n,Unknown,arm
832,__mpn_impn_sqr_n_basecase,Unknown,arm
833,__mpn_impn_sqr_n,Unknown,arm
834,__mpn_mul_n,Unknown,arm
835,__mpn_rshift,Unknown,arm
836,__mpn_sub_n,Unknown,arm
837,__mpn_submul_1,Unknown,arm
838,__mpn_extract_double,Unknown,arm
839,__printf_buffer_as_file_commit,Unknown,arm
840,__printf_buffer_as_file_overflow,Unknown,arm
841,__printf_buffer_as_file_xsputn,Unknown,arm
842,__printf_buffer_as_file_init,Unknown,arm
843,__printf_buffer_as_file_terminate,Unknown,arm
844,__printf_buffer_flush,Unknown,arm
845,__wprintf_buffer_done,Unknown,arm
846,__wprintf_buffer_flush,Unknown,arm
847,_IO_getline_info,Unknown,arm
848,_IO_getline,Unknown,arm
476,two_way_long_needle,Unknown,arm
849,__memmem,Unknown,arm
850,__strndup,Unknown,arm
851,strspn,Unknown,arm
852,_nl_cleanup_time,Unknown,arm
853,__fdopendir,Unknown,arm
854,__rewinddir,Unknown,arm
855,__sysconf,Unknown,arm
856,__lseek,Unknown,arm
857,__getclktck,Unknown,arm
858,__getdtablesize,Unknown,arm
859,remove_slotinfo,Unknown,arm
860,_dl_close_worker,Unknown,arm
861,_dl_close,Unknown,arm
862,add_to_global_update,Unknown,arm
863,call_dl_init,Unknown,arm
864,dl_open_worker,Unknown,arm
865,add_to_global_resize_failure,Unknown,arm
866,add_to_global_resize,Unknown,arm
867,_dl_find_dso_for_object,Unknown,arm
868,_dl_open,Unknown,arm
869,_dl_show_scope,Unknown,arm
870,dl_open_worker_begin,Unknown,arm
871,dfs_traversal,Unknown,arm
872,_dl_sort_maps_init,Unknown,arm
873,_dl_sort_maps,Unknown,arm
874,_dl_check_map_versions,Unknown,arm
875,_dl_check_all_versions,Unknown,arm
876,_dl_unmap,Unknown,arm
877,_dl_addr_inside_object,Unknown,arm
878,_dl_find_object_from_map,Unknown,arm
879,_dlfo_process_initial,Unknown,arm
880,_dlfo_sort_mappings,Unknown,arm
881,__dl_find_object,Unknown,arm
880,_dlfo_sort_mappings,Unknown,arm
882,_dl_find_object_init,Unknown,arm
883,_dl_find_object_update,Unknown,arm
884,_dl_find_object_dlclose,Unknown,arm
885,_dl_find_object_freeres,Unknown,arm
886,__rtld_static_init,Unknown,arm
887,__mpn_add_n,Unknown,arm
888,__mpn_addmul_1,Unknown,arm
889,__dladdr,Unknown,arm
890,__dladdr1,Unknown,arm
891,__dlclose,Unknown,arm
892,__dlerror,Unknown,arm
893,_dlerror_run,Unknown,arm
894,dlinfo_doit,Unknown,arm
895,__dlinfo,Unknown,arm
896,dlmopen_doit,Unknown,arm
897,__dlmopen,Unknown,arm
898,___dlmopen,Unknown,arm
899,dlopen_doit,Unknown,arm
900,__dlopen,Unknown,arm
901,___dlopen,Unknown,arm
902,dlsym_doit,Unknown,arm
903,__dlsym,Unknown,arm
904,___dlsym,Unknown,arm
905,dlvsym_doit,Unknown,arm
906,__dlvsym,Unknown,arm
907,___dlvsym,Unknown,arm
908,__libc_dlerror_result_free,Unknown,arm
909,__get_child_max,Unknown,arm
910,__atomic_wide_counter_fetch_add_relaxed,Unknown,arm
911,__atomic_wide_counter_load_relaxed,Unknown,arm
912,_dl_call_libc_early_init,Unknown,arm
913,_dl_call_fini,Unknown,arm
914,openaux,Unknown,arm
915,_dl_map_object_deps,Unknown,arm
916,call_init,Unknown,arm
917,_dl_init,Unknown,arm
545,check_match,Unknown,arm
918,_dl_lookup_direct,Unknown,arm
919,_dl_addr,Unknown,arm
920,call_dl_lookup,Unknown,arm
921,do_sym,Unknown,arm
922,_dl_vsym,Unknown,arm
923,_dl_sym,Unknown,arm
924,__gtdf2,Unknown,arm
925,__ltdf2,Unknown,arm
926,__cmpdf2,Unknown,arm
927,__aeabi_cdrcmple,Unknown,arm
928,__aeabi_cdcmpeq,Unknown,arm
929,__aeabi_dcmpeq,Unknown,arm
930,__aeabi_dcmplt,Unknown,arm
931,__aeabi_dcmple,Unknown,arm
932,__aeabi_dcmpge,Unknown,arm
933,__aeabi_dcmpgt,Unknown,arm
934,__unorddf2,Unknown,arm
935,__sync_fetch_and_add_4,Unknown,arm
936,__sync_fetch_and_sub_4,Unknown,arm
937,__sync_fetch_and_or_4,Unknown,arm
938,__sync_fetch_and_and_4,Unknown,arm
939,__sync_fetch_and_xor_4,Unknown,arm
940,__sync_fetch_and_nand_4,Unknown,arm
941,__sync_fetch_and_add_2,Unknown,arm
942,__sync_fetch_and_sub_2,Unknown,arm
943,__sync_fetch_and_or_2,Unknown,arm
944,__sync_fetch_and_and_2,Unknown,arm
945,__sync_fetch_and_xor_2,Unknown,arm
946,__sync_fetch_and_nand_2,Unknown,arm
947,__sync_fetch_and_add_1,Unknown,arm
948,__sync_fetch_and_sub_1,Unknown,arm
949,__sync_fetch_and_or_1,Unknown,arm
950,__sync_fetch_and_and_1,Unknown,arm
951,__sync_fetch_and_xor_1,Unknown,arm
952,__sync_fetch_and_nand_1,Unknown,arm
953,__sync_add_and_fetch_4,Unknown,arm
954,__sync_sub_and_fetch_4,Unknown,arm
955,__sync_or_and_fetch_4,Unknown,arm
956,__sync_and_and_fetch_4,Unknown,arm
957,__sync_xor_and_fetch_4,Unknown,arm
958,__sync_nand_and_fetch_4,Unknown,arm
959,__sync_add_and_fetch_2,Unknown,arm
960,__sync_sub_and_fetch_2,Unknown,arm
961,__sync_or_and_fetch_2,Unknown,arm
962,__sync_and_and_fetch_2,Unknown,arm
963,__sync_xor_and_fetch_2,Unknown,arm
964,__sync_nand_and_fetch_2,Unknown,arm
965,__sync_add_and_fetch_1,Unknown,arm
966,__sync_sub_and_fetch_1,Unknown,arm
967,__sync_or_and_fetch_1,Unknown,arm
968,__sync_and_and_fetch_1,Unknown,arm
969,__sync_xor_and_fetch_1,Unknown,arm
970,__sync_nand_and_fetch_1,Unknown,arm
971,__sync_val_compare_and_swap_4,Unknown,arm
972,__sync_val_compare_and_swap_2,Unknown,arm
973,__sync_val_compare_and_swap_1,Unknown,arm
974,__sync_bool_compare_and_swap_4,Unknown,arm
975,__sync_bool_compare_and_swap_2,Unknown,arm
976,__sync_bool_compare_and_swap_1,Unknown,arm
977,__sync_synchronize,Unknown,arm
978,__sync_lock_test_and_set_4,Unknown,arm
979,__sync_lock_test_and_set_2,Unknown,arm
980,__sync_lock_test_and_set_1,Unknown,arm
981,__sync_lock_release_8,Unknown,arm
982,__sync_lock_release_4,Unknown,arm
983,__sync_lock_release_2,Unknown,arm
984,__sync_lock_release_1,Unknown,arm
985,selfrel_offset31,Unknown,arm
986,search_EIT_table,Unknown,arm
987,__gnu_unwind_get_pr_addr,Unknown,arm
988,get_eit_entry,Unknown,arm
989,restore_non_core_regs,Unknown,arm
990,_Unwind_decode_typeinfo_ptr,Unknown,arm
991,_Unwind_DebugHook,Unknown,arm
992,unwind_phase2,Unknown,arm
993,unwind_phase2_forced,Unknown,arm
994,_Unwind_GetCFA,Unknown,arm
995,__gnu_Unwind_RaiseException,Unknown,arm
996,__gnu_Unwind_ForcedUnwind,Unknown,arm
997,__gnu_Unwind_Resume,Unknown,arm
998,__gnu_Unwind_Resume_or_Rethrow,Unknown,arm
999,_Unwind_Complete,Unknown,arm
1000,_Unwind_DeleteException,Unknown,arm
1001,_Unwind_VRS_Get,Unknown,arm
1002,_Unwind_GetGR,Unknown,arm
1003,_Unwind_VRS_Set,Unknown,arm
1004,_Unwind_SetGR,Unknown,arm
1005,__gnu_Unwind_Backtrace,Unknown,arm
1006,__gnu_unwind_pr_common,Unknown,arm
1007,__aeabi_unwind_cpp_pr0,Unknown,arm
1008,__aeabi_unwind_cpp_pr1,Unknown,arm
1009,__aeabi_unwind_cpp_pr2,Unknown,arm
1010,_Unwind_VRS_Pop,Unknown,arm
1011,__restore_core_regs,Unknown,arm
1012,__gnu_Unwind_Restore_VFP,Unknown,arm
1013,__gnu_Unwind_Save_VFP,Unknown,arm
1014,__gnu_Unwind_Restore_VFP_D,Unknown,arm
1015,__gnu_Unwind_Save_VFP_D,Unknown,arm
1016,__gnu_Unwind_Restore_VFP_D_16_to_31,Unknown,arm
1017,__gnu_Unwind_Save_VFP_D_16_to_31,Unknown,arm
1018,__gnu_Unwind_Restore_WMMXD,Unknown,arm
1019,__gnu_Unwind_Save_WMMXD,Unknown,arm
1020,__gnu_Unwind_Restore_WMMXC,Unknown,arm
1021,__gnu_Unwind_Save_WMMXC,Unknown,arm
1022,___Unwind_RaiseException,Unknown,arm
1023,___Unwind_Resume,Unknown,arm
1024,___Unwind_Resume_or_Rethrow,Unknown,arm
1025,___Unwind_ForcedUnwind,Unknown,arm
1026,___Unwind_Backtrace,Unknown,arm
1027,next_unwind_byte,Unknown,arm
1002,_Unwind_GetGR,Unknown,arm
1028,unwind_UCB_from_context,Unknown,arm
1029,__gnu_unwind_execute,Unknown,arm
1030,__gnu_unwind_frame,Unknown,arm
1031,_Unwind_GetRegionStart,Unknown,arm
1032,_Unwind_GetLanguageSpecificData,Unknown,arm
1033,read_uleb128,Unknown,arm
1034,read_sleb128,Unknown,arm
1035,base_of_encoded_value,Unknown,arm
1036,read_encoded_value_with_base,Unknown,arm
1037,read_encoded_value,Unknown,arm
1038,parse_lsda_header,Unknown,arm
1004,_Unwind_SetGR,Unknown,arm
1002,_Unwind_GetGR,Unknown,arm
1039,__gcc_personality_v0,Unknown,arm
1040,_fini,Unknown,arm
