Label,Function,SourceFile,ARM_PcodeLines,MIPS_PcodeLines,Match_Ratio,Notes
1,_init,Unknown,1,1,100.00,高相似度;
2,abort,Unknown,1,1,100.00,高相似度;
3,_dl_start,Unknown,1,1,100.00,高相似度;
4,_Unwind_GetDataRelBase,Unknown,1,1,100.00,高相似度;
5,_Unwind_GetTextRelBase,Unknown,1,1,100.00,高相似度;
6,_IO_stdfiles_init,Unknown,1,1,100.00,高相似度;
7,_start,Unknown,1,1,100.00,高相似度;
8,call_weak_fn,Unknown,1,1,100.00,高相似度;
9,deregister_tm_clones,Unknown,1,1,100.00,高相似度;
10,register_tm_clones,Unknown,1,1,100.00,高相似度;
11,__do_global_dtors_aux,Unknown,1,1,100.00,高相似度;
12,frame_dummy,Unknown,1,1,100.00,高相似度;
13,attack_app_proxy,Unknown,1,1,100.00,高相似度;
14,attack_app_http,Unknown,1,1,100.00,高相似度;
15,attack_app_cfnull,Unknown,1,1,100.00,高相似度;
16,attack_gre_ip,Unknown,1,1,100.00,高相似度;
17,attack_gre_eth,Unknown,1,1,100.00,高相似度;
18,attack_init,Unknown,1,1,100.00,高相似度;
19,attack_kill_all,Unknown,1,1,100.00,高相似度;
20,attack_parse,Unknown,1,1,100.00,高相似度;
21,attack_start,Unknown,1,1,100.00,高相似度;
22,attack_get_opt_str,Unknown,1,1,100.00,高相似度;
23,attack_get_opt_int,Unknown,1,1,100.00,高相似度;
24,attack_get_opt_ip,Unknown,1,1,100.00,高相似度;
25,add_attack,Unknown,1,1,100.00,高相似度;
26,free_opts,Unknown,1,1,100.00,高相似度;
27,attack_tcp_syn,Unknown,1,1,100.00,高相似度;
28,attack_tcp_ack,Unknown,1,1,100.00,高相似度;
29,attack_tcp_stomp,Unknown,1,1,100.00,高相似度;
30,attack_udp_generic,Unknown,1,1,100.00,高相似度;
31,attack_udp_vse,Unknown,1,1,100.00,高相似度;
32,attack_udp_dns,Unknown,1,1,100.00,高相似度;
33,attack_udp_plain,Unknown,1,1,100.00,高相似度;
34,get_dns_resolver,Unknown,1,1,100.00,高相似度;
35,checksum_generic,Unknown,1,1,100.00,高相似度;
36,checksum_tcpudp,Unknown,1,1,100.00,高相似度;
37,killer_init,Unknown,1,1,100.00,高相似度;
38,killer_kill,Unknown,1,1,100.00,高相似度;
39,killer_kill_by_port,Unknown,1,1,100.00,高相似度;
40,has_exe_access,Unknown,1,1,100.00,高相似度;
41,memory_scan_match,Unknown,1,1,100.00,高相似度;
42,mem_exists,Unknown,1,1,100.00,高相似度;
43,main,Unknown,1,1,100.00,高相似度;
44,anti_gdb_entry,Unknown,1,1,100.00,高相似度;
45,resolve_cnc_addr,Unknown,1,1,100.00,高相似度;
46,establish_connection,Unknown,1,1,100.00,高相似度;
47,teardown_connection,Unknown,1,1,100.00,高相似度;
48,ensure_single_instance,Unknown,1,1,100.00,高相似度;
49,unlock_tbl_if_nodebug,Unknown,1,1,100.00,高相似度;
50,rand_init,Unknown,1,1,100.00,高相似度;
51,rand_next,Unknown,1,1,100.00,高相似度;
52,rand_str,Unknown,1,1,100.00,高相似度;
53,rand_alphastr,Unknown,1,1,100.00,高相似度;
54,resolv_domain_to_hostname,Unknown,1,1,100.00,高相似度;
55,resolv_skip_name,Unknown,1,1,100.00,高相似度;
56,resolv_lookup,Unknown,1,1,100.00,高相似度;
57,resolv_entries_free,Unknown,1,1,100.00,高相似度;
58,table_init,Unknown,1,1,100.00,高相似度;
59,table_unlock_val,Unknown,1,1,100.00,高相似度;
60,table_lock_val,Unknown,1,1,100.00,高相似度;
61,table_retrieve_val,Unknown,1,1,100.00,高相似度;
62,add_entry,Unknown,1,1,100.00,高相似度;
63,toggle_obf,Unknown,1,1,100.00,高相似度;
64,util_strlen,Unknown,1,1,100.00,高相似度;
65,util_strncmp,Unknown,1,1,100.00,高相似度;
66,util_strcmp,Unknown,1,1,100.00,高相似度;
67,util_strcpy,Unknown,1,1,100.00,高相似度;
68,util_memcpy,Unknown,1,1,100.00,高相似度;
69,util_zero,Unknown,1,1,100.00,高相似度;
70,util_atoi,Unknown,1,1,100.00,高相似度;
71,util_itoa,Unknown,1,1,100.00,高相似度;
72,util_memsearch,Unknown,1,1,100.00,高相似度;
73,util_stristr,Unknown,1,1,100.00,高相似度;
74,util_local_addr,Unknown,1,1,100.00,高相似度;
75,util_fdgets,Unknown,1,1,100.00,高相似度;
76,util_isupper,Unknown,1,1,100.00,高相似度;
77,util_isalpha,Unknown,1,1,100.00,高相似度;
78,util_isspace,Unknown,1,1,100.00,高相似度;
79,util_isdigit,Unknown,1,1,100.00,高相似度;
80,__udivsi3,Unknown,1,1,100.00,高相似度;
81,__aeabi_uidivmod,Unknown,1,1,100.00,高相似度;
82,__divsi3,Unknown,1,1,100.00,高相似度;
83,.divsi3_skip_div0_test,Unknown,1,1,100.00,高相似度;
84,__aeabi_idivmod,Unknown,1,1,100.00,高相似度;
85,__aeabi_ldiv0,Unknown,1,1,100.00,高相似度;
86,call_fini,Unknown,1,1,100.00,高相似度;
87,__libc_start_call_main,Unknown,1,1,100.00,高相似度;
88,__libc_start_main_impl,Unknown,1,1,100.00,高相似度;
89,__libc_setup_tls,Unknown,1,1,100.00,高相似度;
90,__tls_get_addr,Unknown,1,1,100.00,高相似度;
91,__errno_location,Unknown,1,1,100.00,高相似度;
92,__aeabi_read_tp,Unknown,1,1,100.00,高相似度;
93,_setjmp,Unknown,1,1,100.00,高相似度;
94,__bsd_signal,Unknown,1,1,100.00,高相似度;
95,raise,Unknown,1,1,100.00,高相似度;
96,__sigaction,Unknown,1,1,100.00,高相似度;
97,__libc_sigaction,Unknown,1,1,100.00,高相似度;
98,__sigprocmask,Unknown,1,1,100.00,高相似度;
99,__kill,Unknown,1,1,100.00,高相似度;
100,sigemptyset,Unknown,1,1,100.00,高相似度;
101,sigaddset,Unknown,1,1,100.00,高相似度;
102,__default_sa_restorer,Unknown,1,1,100.00,高相似度;
103,__default_rt_sa_restorer,Unknown,1,1,100.00,高相似度;
104,atoi,Unknown,1,1,100.00,高相似度;
105,__new_exitfn,Unknown,1,1,100.00,高相似度;
106,__internal_atexit,Unknown,1,1,100.00,高相似度;
107,__cxa_atexit,Unknown,1,1,100.00,高相似度;
108,__run_exit_handlers,Unknown,1,1,100.00,高相似度;
109,exit,Unknown,1,1,100.00,高相似度;
110,__strtol_internal,Unknown,1,1,100.00,高相似度;
111,__strtol,Unknown,1,1,100.00,高相似度;
112,__isoc23_strtol,Unknown,1,1,100.00,高相似度;
113,____strtol_l_internal,Unknown,1,1,100.00,高相似度;
114,__strtol_l,Unknown,1,1,100.00,高相似度;
115,__isoc23_strtol_l,Unknown,1,1,100.00,高相似度;
116,__correctly_grouped_prefixmb,Unknown,1,1,100.00,高相似度;
117,__libc_message_impl,Unknown,1,1,100.00,高相似度;
118,__libc_fatal,Unknown,1,1,100.00,高相似度;
119,__lll_lock_wait_private,Unknown,1,1,100.00,高相似度;
120,__lll_lock_wait,Unknown,1,1,100.00,高相似度;
121,__lll_lock_wake_private,Unknown,1,1,100.00,高相似度;
122,__lll_lock_wake,Unknown,1,1,100.00,高相似度;
123,__nptl_deallocate_tsd,Unknown,1,1,100.00,高相似度;
124,__pthread_kill_implementation,Unknown,1,1,100.00,高相似度;
125,__pthread_kill_internal,Unknown,1,1,100.00,高相似度;
126,__pthread_kill,Unknown,1,1,100.00,高相似度;
127,__pthread_self,Unknown,1,1,100.00,高相似度;
128,__pthread_sigmask,Unknown,1,1,100.00,高相似度;
129,_dl_tunable_set_mmap_threshold,Unknown,1,1,100.00,高相似度;
130,_dl_tunable_set_mmaps_max,Unknown,1,1,100.00,高相似度;
131,_dl_tunable_set_top_pad,Unknown,1,1,100.00,高相似度;
132,_dl_tunable_set_perturb_byte,Unknown,1,1,100.00,高相似度;
133,_dl_tunable_set_trim_threshold,Unknown,1,1,100.00,高相似度;
134,_dl_tunable_set_arena_max,Unknown,1,1,100.00,高相似度;
135,_dl_tunable_set_arena_test,Unknown,1,1,100.00,高相似度;
136,_dl_tunable_set_tcache_max,Unknown,1,1,100.00,高相似度;
137,_dl_tunable_set_tcache_count,Unknown,1,1,100.00,高相似度;
138,_dl_tunable_set_tcache_unsorted_limit,Unknown,1,1,100.00,高相似度;
139,_dl_tunable_set_mxfast,Unknown,1,1,100.00,高相似度;
140,malloc_printerr,Unknown,1,1,100.00,高相似度;
141,int_mallinfo,Unknown,1,1,100.00,高相似度;
142,alloc_perturb,Unknown,1,1,100.00,高相似度;
143,munmap_chunk,Unknown,1,1,100.00,高相似度;
144,detach_arena,Unknown,1,1,100.00,高相似度;
145,_dl_tunable_set_hugetlb,Unknown,1,1,100.00,高相似度;
146,__malloc_info,Unknown,1,1,100.00,高相似度;
147,unlink_chunk,Unknown,1,1,100.00,高相似度;
148,malloc_consolidate,Unknown,1,1,100.00,高相似度;
149,_int_free_create_chunk,Unknown,1,1,100.00,高相似度;
150,ptmalloc_init,Unknown,1,1,100.00,高相似度;
151,alloc_new_heap,Unknown,1,1,100.00,高相似度;
152,new_heap,Unknown,1,1,100.00,高相似度;
153,arena_get2,Unknown,1,1,100.00,高相似度;
154,arena_get_retry,Unknown,1,1,100.00,高相似度;
155,sysmalloc_mmap_fallback,Unknown,1,1,100.00,高相似度;
156,sysmalloc_mmap,Unknown,1,1,100.00,高相似度;
157,systrim,Unknown,1,1,100.00,高相似度;
158,_int_free_maybe_consolidate,Unknown,1,1,100.00,高相似度;
159,_int_free_merge_chunk,Unknown,1,1,100.00,高相似度;
160,_int_free,Unknown,1,1,100.00,高相似度;
161,sysmalloc,Unknown,1,1,100.00,高相似度;
162,_int_malloc,Unknown,1,1,100.00,高相似度;
163,tcache_init,Unknown,1,1,100.00,高相似度;
164,_int_realloc,Unknown,1,1,100.00,高相似度;
165,_int_memalign,Unknown,1,1,100.00,高相似度;
166,__glibc_morecore,Unknown,1,1,100.00,高相似度;
167,__malloc_fork_lock_parent,Unknown,1,1,100.00,高相似度;
168,__malloc_fork_unlock_parent,Unknown,1,1,100.00,高相似度;
169,__malloc_fork_unlock_child,Unknown,1,1,100.00,高相似度;
170,__libc_malloc,Unknown,1,1,100.00,高相似度;
171,_mid_memalign,Unknown,1,1,100.00,高相似度;
172,__libc_free,Unknown,1,1,100.00,高相似度;
173,__malloc_arena_thread_freeres,Unknown,1,1,100.00,高相似度;
174,__libc_realloc,Unknown,1,1,100.00,高相似度;
175,__libc_memalign,Unknown,1,1,100.00,高相似度;
176,aligned_alloc,Unknown,1,1,100.00,高相似度;
177,__libc_valloc,Unknown,1,1,100.00,高相似度;
178,__libc_pvalloc,Unknown,1,1,100.00,高相似度;
179,__libc_calloc,Unknown,1,1,100.00,高相似度;
180,__malloc_trim,Unknown,1,1,100.00,高相似度;
181,__malloc_usable_size,Unknown,1,1,100.00,高相似度;
182,__libc_mallinfo2,Unknown,1,1,100.00,高相似度;
183,__libc_mallinfo,Unknown,1,1,100.00,高相似度;
184,__malloc_stats,Unknown,1,1,100.00,高相似度;
185,__libc_mallopt,Unknown,1,1,100.00,高相似度;
186,__posix_memalign,Unknown,1,1,100.00,高相似度;
187,memcmp,Unknown,1,1,100.00,高相似度;
188,memcpy,Unknown,1,1,100.00,高相似度;
189,memmove,Unknown,1,1,100.00,高相似度;
190,memset,Unknown,1,1,100.00,高相似度;
191,__strchrnul,Unknown,1,1,100.00,高相似度;
192,strlen,Unknown,1,1,100.00,高相似度;
193,clock,Unknown,1,1,100.00,高相似度;
194,__time64,Unknown,1,1,100.00,高相似度;
195,__time,Unknown,1,1,100.00,高相似度;
196,__clock_gettime64,Unknown,1,1,100.00,高相似度;
197,__clock_gettime,Unknown,1,1,100.00,高相似度;
198,__closedir,Unknown,1,1,100.00,高相似度;
199,opendir_tail,Unknown,1,1,100.00,高相似度;
200,__opendirat,Unknown,1,1,100.00,高相似度;
201,__opendir,Unknown,1,1,100.00,高相似度;
202,__alloc_dir,Unknown,1,1,100.00,高相似度;
203,__readdir_unlocked,Unknown,1,1,100.00,高相似度;
204,__readdir,Unknown,1,1,100.00,高相似度;
205,_exit,Unknown,1,1,100.00,高相似度;
206,__libc_fork,Unknown,1,1,100.00,高相似度;
207,__getpid,Unknown,1,1,100.00,高相似度;
208,__getppid,Unknown,1,1,100.00,高相似度;
209,__register_atfork,Unknown,1,1,100.00,高相似度;
210,__unregister_atfork,Unknown,1,1,100.00,高相似度;
211,__run_prefork_handlers,Unknown,1,1,100.00,高相似度;
212,__run_postfork_handlers,Unknown,1,1,100.00,高相似度;
213,__libc_atfork_freemem,Unknown,1,1,100.00,高相似度;
214,__setsid,Unknown,1,1,100.00,高相似度;
215,__sleep,Unknown,1,1,100.00,高相似度;
216,__chdir,Unknown,1,1,100.00,高相似度;
217,__close,Unknown,1,1,100.00,高相似度;
218,__libc_fcntl,Unknown,1,1,100.00,高相似度;
219,__fstat64_time64,Unknown,1,1,100.00,高相似度;
220,__fstat64,Unknown,1,1,100.00,高相似度;
221,__fstatat64_time64,Unknown,1,1,100.00,高相似度;
222,__fstatat64,Unknown,1,1,100.00,高相似度;
223,__libc_open,Unknown,1,1,100.00,高相似度;
224,__libc_read,Unknown,1,1,100.00,高相似度;
225,__readlink,Unknown,1,1,100.00,高相似度;
226,__unlink,Unknown,1,1,100.00,高相似度;
227,__libc_write,Unknown,1,1,100.00,高相似度;
228,__close_nocancel,Unknown,1,1,100.00,高相似度;
229,__fcntl64_nocancel,Unknown,1,1,100.00,高相似度;
230,__fcntl64_nocancel_adjusted,Unknown,1,1,100.00,高相似度;
231,__open_nocancel,Unknown,1,1,100.00,高相似度;
232,__openat_nocancel,Unknown,1,1,100.00,高相似度;
233,__read_nocancel,Unknown,1,1,100.00,高相似度;
234,__cp_stat64_t64_stat64,Unknown,1,1,100.00,高相似度;
235,__brk,Unknown,1,1,100.00,高相似度;
236,next_line,Unknown,1,1,100.00,高相似度;
237,read_sysfs_file,Unknown,1,1,100.00,高相似度;
238,get_nproc_stat,Unknown,1,1,100.00,高相似度;
239,__get_nprocs_sched,Unknown,1,1,100.00,高相似度;
240,__get_nprocs,Unknown,1,1,100.00,高相似度;
241,__get_nprocs_conf,Unknown,1,1,100.00,高相似度;
242,__get_phys_pages,Unknown,1,1,100.00,高相似度;
243,__get_avphys_pages,Unknown,1,1,100.00,高相似度;
244,__ioctl,Unknown,1,1,100.00,高相似度;
245,__madvise,Unknown,1,1,100.00,高相似度;
246,__mmap,Unknown,1,1,100.00,高相似度;
247,__mprotect,Unknown,1,1,100.00,高相似度;
248,__munmap,Unknown,1,1,100.00,高相似度;
249,__sbrk,Unknown,1,1,100.00,高相似度;
250,__select64,Unknown,1,1,100.00,高相似度;
251,__select,Unknown,1,1,100.00,高相似度;
252,__mremap,Unknown,1,1,100.00,高相似度;
253,__prctl,Unknown,1,1,100.00,高相似度;
254,__set_vma_name,Unknown,1,1,100.00,高相似度;
255,__sysinfo,Unknown,1,1,100.00,高相似度;
256,__malloc_default_thp_pagesize,Unknown,1,1,100.00,高相似度;
257,__malloc_thp_mode,Unknown,1,1,100.00,高相似度;
258,__malloc_hugepage_config,Unknown,1,1,100.00,高相似度;
259,__libc_accept,Unknown,1,1,100.00,高相似度;
260,__bind,Unknown,1,1,100.00,高相似度;
261,__libc_connect,Unknown,1,1,100.00,高相似度;
262,__getsockname,Unknown,1,1,100.00,高相似度;
263,__getsockopt,Unknown,1,1,100.00,高相似度;
264,__listen,Unknown,1,1,100.00,高相似度;
265,__libc_recv,Unknown,1,1,100.00,高相似度;
266,__libc_recvfrom,Unknown,1,1,100.00,高相似度;
267,__libc_send,Unknown,1,1,100.00,高相似度;
268,__libc_sendto,Unknown,1,1,100.00,高相似度;
269,__setsockopt,Unknown,1,1,100.00,高相似度;
270,__socket,Unknown,1,1,100.00,高相似度;
271,htonl,Unknown,1,1,100.00,高相似度;
272,htons,Unknown,1,1,100.00,高相似度;
273,inet_aton_end,Unknown,1,1,100.00,高相似度;
274,__inet_aton_exact,Unknown,1,1,100.00,高相似度;
275,__inet_aton_ignore_trailing,Unknown,1,1,100.00,高相似度;
276,__inet_addr,Unknown,1,1,100.00,高相似度;
277,_dl_debug_state,Unknown,1,1,100.00,高相似度;
278,_dl_debug_update,Unknown,1,1,100.00,高相似度;
279,_dl_debug_initialize,Unknown,1,1,100.00,高相似度;
280,_dl_allocate_tls_init,Unknown,1,1,100.00,高相似度;
281,_dl_tls_static_surplus_init,Unknown,1,1,100.00,高相似度;
282,_dl_assign_tls_modid,Unknown,1,1,100.00,高相似度;
283,_dl_count_modids,Unknown,1,1,100.00,高相似度;
284,_dl_get_tls_static_info,Unknown,1,1,100.00,高相似度;
285,_dl_allocate_tls_storage,Unknown,1,1,100.00,高相似度;
286,_dl_allocate_tls,Unknown,1,1,100.00,高相似度;
287,_dl_deallocate_tls,Unknown,1,1,100.00,高相似度;
288,_dl_tls_get_addr_soft,Unknown,1,1,100.00,高相似度;
289,_dl_tls_initial_modid_limit_setup,Unknown,1,1,100.00,高相似度;
290,_dl_add_to_slotinfo,Unknown,1,1,100.00,高相似度;
291,_dl_init_static_tls,Unknown,1,1,100.00,高相似度;
292,__tls_pre_init_tp,Unknown,1,1,100.00,高相似度;
293,__tls_init_tp,Unknown,1,1,100.00,高相似度;
294,do_tunable_update_val,Unknown,1,1,100.00,高相似度;
295,tunable_initialize,Unknown,1,1,100.00,高相似度;
296,__tunable_is_initialized,Unknown,1,1,100.00,高相似度;
297,__tunable_set_val,Unknown,1,1,100.00,高相似度;
298,__tunables_init,Unknown,1,1,100.00,高相似度;
299,__tunables_print,Unknown,1,1,100.00,高相似度;
300,__tunable_get_default,Unknown,1,1,100.00,高相似度;
301,__tunable_get_val,Unknown,1,1,100.00,高相似度;
302,_dl_early_allocate,Unknown,1,1,100.00,高相似度;
303,_dl_aux_init,Unknown,1,1,100.00,高相似度;
304,_dl_non_dynamic_init,Unknown,1,1,100.00,高相似度;
305,_dl_get_dl_main_map,Unknown,1,1,100.00,高相似度;
306,_dl_audit_pltexit,Unknown,1,1,100.00,高相似度;
307,__libc_early_init,Unknown,1,1,100.00,高相似度;
308,check_one_fd,Unknown,1,1,100.00,高相似度;
309,__libc_check_standard_fds,Unknown,1,1,100.00,高相似度;
310,__libc_init_first,Unknown,1,1,100.00,高相似度;
311,__syscall_error,Unknown,1,1,100.00,高相似度;
312,__libc_assert_fail,Unknown,1,1,100.00,高相似度;
313,__ctype_b_loc,Unknown,1,1,100.00,高相似度;
314,__ctype_toupper_loc,Unknown,1,1,100.00,高相似度;
315,__ctype_tolower_loc,Unknown,1,1,100.00,高相似度;
316,__ctype_init,Unknown,1,1,100.00,高相似度;
317,__sigsetjmp,Unknown,1,1,100.00,高相似度;
318,__sigjmp_save,Unknown,1,1,100.00,高相似度;
319,getenv,Unknown,1,1,100.00,高相似度;
320,__add_to_environ,Unknown,1,1,100.00,高相似度;
321,__setenv,Unknown,1,1,100.00,高相似度;
322,__unsetenv,Unknown,1,1,100.00,高相似度;
323,__clearenv,Unknown,1,1,100.00,高相似度;
324,__libc_setenv_freemem,Unknown,1,1,100.00,高相似度;
325,__strtoul_internal,Unknown,1,1,100.00,高相似度;
326,__strtoul,Unknown,1,1,100.00,高相似度;
327,__isoc23_strtoul,Unknown,1,1,100.00,高相似度;
328,____strtoul_l_internal,Unknown,1,1,100.00,高相似度;
329,__strtoul_l,Unknown,1,1,100.00,高相似度;
330,__isoc23_strtoul_l,Unknown,1,1,100.00,高相似度;
331,_itoa_word,Unknown,1,1,100.00,高相似度;
332,_itoa,Unknown,1,1,100.00,高相似度;
333,_fitoa_word,Unknown,1,1,100.00,高相似度;
334,_fitoa,Unknown,1,1,100.00,高相似度;
335,__fprintf,Unknown,1,1,100.00,高相似度;
336,outstring_converted_wide_string,Unknown,1,1,100.00,高相似度;
337,group_number,Unknown,1,1,100.00,高相似度;
338,printf_positional,Unknown,1,1,100.00,高相似度;
339,__printf_buffer,Unknown,1,1,100.00,高相似度;
340,__vfprintf_internal,Unknown,1,1,100.00,高相似度;
341,__get_errname,Unknown,1,1,100.00,高相似度;
342,__parse_one_specmb,Unknown,1,1,100.00,高相似度;
343,_IO_fputs,Unknown,1,1,100.00,高相似度;
344,_IO_fwrite,Unknown,1,1,100.00,高相似度;
345,_IO_vtable_check,Unknown,1,1,100.00,高相似度;
346,new_do_write,Unknown,1,1,100.00,高相似度;
347,mmap_remap_check,Unknown,1,1,100.00,高相似度;
348,decide_maybe_mmap,Unknown,1,1,100.00,高相似度;
349,_IO_new_file_init_internal,Unknown,1,1,100.00,高相似度;
350,_IO_new_file_init,Unknown,1,1,100.00,高相似度;
351,_IO_file_open,Unknown,1,1,100.00,高相似度;
352,_IO_new_file_attach,Unknown,1,1,100.00,高相似度;
353,_IO_new_file_setbuf,Unknown,1,1,100.00,高相似度;
354,_IO_file_setbuf_mmap,Unknown,1,1,100.00,高相似度;
355,_IO_new_do_write,Unknown,1,1,100.00,高相似度;
356,_IO_new_file_close_it,Unknown,1,1,100.00,高相似度;
357,_IO_new_file_fopen,Unknown,1,1,100.00,高相似度;
358,_IO_new_file_finish,Unknown,1,1,100.00,高相似度;
359,_IO_new_file_underflow,Unknown,1,1,100.00,高相似度;
360,_IO_file_underflow_mmap,Unknown,1,1,100.00,高相似度;
361,_IO_file_underflow_maybe_mmap,Unknown,1,1,100.00,高相似度;
362,_IO_new_file_overflow,Unknown,1,1,100.00,高相似度;
363,_IO_new_file_sync,Unknown,1,1,100.00,高相似度;
364,_IO_file_sync_mmap,Unknown,1,1,100.00,高相似度;
365,_IO_new_file_seekoff,Unknown,1,1,100.00,高相似度;
366,_IO_file_seekoff_mmap,Unknown,1,1,100.00,高相似度;
367,_IO_file_seekoff_maybe_mmap,Unknown,1,1,100.00,高相似度;
368,_IO_file_read,Unknown,1,1,100.00,高相似度;
369,_IO_file_seek,Unknown,1,1,100.00,高相似度;
370,_IO_file_stat,Unknown,1,1,100.00,高相似度;
371,_IO_file_close_mmap,Unknown,1,1,100.00,高相似度;
372,_IO_file_close,Unknown,1,1,100.00,高相似度;
373,_IO_new_file_write,Unknown,1,1,100.00,高相似度;
374,_IO_new_file_xsputn,Unknown,1,1,100.00,高相似度;
375,_IO_file_xsgetn,Unknown,1,1,100.00,高相似度;
376,_IO_file_xsgetn_mmap,Unknown,1,1,100.00,高相似度;
377,_IO_file_xsgetn_maybe_mmap,Unknown,1,1,100.00,高相似度;
378,flush_cleanup,Unknown,1,1,100.00,高相似度;
379,save_for_backup,Unknown,1,1,100.00,高相似度;
380,_IO_un_link,Unknown,1,1,100.00,高相似度;
381,_IO_link_in,Unknown,1,1,100.00,高相似度;
382,_IO_least_marker,Unknown,1,1,100.00,高相似度;
383,_IO_switch_to_main_get_area,Unknown,1,1,100.00,高相似度;
384,_IO_switch_to_backup_area,Unknown,1,1,100.00,高相似度;
385,_IO_switch_to_get_mode,Unknown,1,1,100.00,高相似度;
386,_IO_free_backup_area,Unknown,1,1,100.00,高相似度;
387,__overflow,Unknown,1,1,100.00,高相似度;
388,__underflow,Unknown,1,1,100.00,高相似度;
389,__uflow,Unknown,1,1,100.00,高相似度;
390,_IO_setb,Unknown,1,1,100.00,高相似度;
391,_IO_doallocbuf,Unknown,1,1,100.00,高相似度;
392,_IO_default_underflow,Unknown,1,1,100.00,高相似度;
393,_IO_default_uflow,Unknown,1,1,100.00,高相似度;
394,_IO_default_xsputn,Unknown,1,1,100.00,高相似度;
395,_IO_sgetn,Unknown,1,1,100.00,高相似度;
396,_IO_default_xsgetn,Unknown,1,1,100.00,高相似度;
397,_IO_default_setbuf,Unknown,1,1,100.00,高相似度;
398,_IO_default_seekpos,Unknown,1,1,100.00,高相似度;
399,_IO_default_doallocate,Unknown,1,1,100.00,高相似度;
400,_IO_init_internal,Unknown,1,1,100.00,高相似度;
401,_IO_init,Unknown,1,1,100.00,高相似度;
402,_IO_enable_locks,Unknown,1,1,100.00,高相似度;
403,_IO_old_init,Unknown,1,1,100.00,高相似度;
404,_IO_no_init,Unknown,1,1,100.00,高相似度;
405,_IO_default_sync,Unknown,1,1,100.00,高相似度;
406,_IO_default_finish,Unknown,1,1,100.00,高相似度;
407,_IO_default_seekoff,Unknown,1,1,100.00,高相似度;
408,_IO_sputbackc,Unknown,1,1,100.00,高相似度;
409,_IO_sungetc,Unknown,1,1,100.00,高相似度;
410,_IO_adjust_column,Unknown,1,1,100.00,高相似度;
411,_IO_flush_all,Unknown,1,1,100.00,高相似度;
412,_IO_flush_all_linebuffered,Unknown,1,1,100.00,高相似度;
413,__libio_freemem,Unknown,1,1,100.00,高相似度;
414,_IO_cleanup,Unknown,1,1,100.00,高相似度;
415,_IO_init_marker,Unknown,1,1,100.00,高相似度;
416,_IO_remove_marker,Unknown,1,1,100.00,高相似度;
417,_IO_marker_difference,Unknown,1,1,100.00,高相似度;
418,_IO_marker_delta,Unknown,1,1,100.00,高相似度;
419,_IO_seekmark,Unknown,1,1,100.00,高相似度;
420,_IO_unsave_markers,Unknown,1,1,100.00,高相似度;
421,_IO_default_pbackfail,Unknown,1,1,100.00,高相似度;
422,_IO_default_seek,Unknown,1,1,100.00,高相似度;
423,_IO_default_stat,Unknown,1,1,100.00,高相似度;
424,_IO_default_read,Unknown,1,1,100.00,高相似度;
425,_IO_default_write,Unknown,1,1,100.00,高相似度;
426,_IO_default_showmanyc,Unknown,1,1,100.00,高相似度;
427,_IO_default_imbue,Unknown,1,1,100.00,高相似度;
428,_IO_iter_begin,Unknown,1,1,100.00,高相似度;
429,_IO_iter_end,Unknown,1,1,100.00,高相似度;
430,_IO_iter_next,Unknown,1,1,100.00,高相似度;
431,_IO_iter_file,Unknown,1,1,100.00,高相似度;
432,_IO_list_lock,Unknown,1,1,100.00,高相似度;
433,_IO_list_unlock,Unknown,1,1,100.00,高相似度;
434,_IO_list_resetlock,Unknown,1,1,100.00,高相似度;
435,enlarge_userbuf,Unknown,1,1,100.00,高相似度;
436,_IO_str_init_static_internal,Unknown,1,1,100.00,高相似度;
437,_IO_str_init_static,Unknown,1,1,100.00,高相似度;
438,_IO_str_init_readonly,Unknown,1,1,100.00,高相似度;
439,_IO_str_overflow,Unknown,1,1,100.00,高相似度;
440,_IO_str_underflow,Unknown,1,1,100.00,高相似度;
441,_IO_str_count,Unknown,1,1,100.00,高相似度;
442,_IO_str_seekoff,Unknown,1,1,100.00,高相似度;
443,_IO_str_pbackfail,Unknown,1,1,100.00,高相似度;
444,_IO_str_finish,Unknown,1,1,100.00,高相似度;
445,__pthread_enable_asynccancel,Unknown,1,1,100.00,高相似度;
446,__pthread_disable_asynccancel,Unknown,1,1,100.00,高相似度;
447,__libc_cleanup_push_defer,Unknown,1,1,100.00,高相似度;
448,__libc_cleanup_pop_restore,Unknown,1,1,100.00,高相似度;
449,_dl_tunable_set_mutex_spin_count,Unknown,1,1,100.00,高相似度;
450,_dl_tunable_set_stack_cache_size,Unknown,1,1,100.00,高相似度;
451,_dl_tunable_set_stack_hugetlb,Unknown,1,1,100.00,高相似度;
452,__pthread_tunables_init,Unknown,1,1,100.00,高相似度;
453,__pthread_mutex_lock_full,Unknown,1,1,100.00,高相似度;
454,___pthread_mutex_lock,Unknown,1,1,100.00,高相似度;
455,__pthread_mutex_unlock_full,Unknown,1,1,100.00,高相似度;
456,__pthread_mutex_unlock_usercnt,Unknown,1,1,100.00,高相似度;
457,___pthread_mutex_unlock,Unknown,1,1,100.00,高相似度;
458,__pthread_cleanup_combined_routine_voidptr,Unknown,1,1,100.00,高相似度;
459,clear_once_control,Unknown,1,1,100.00,高相似度;
460,__pthread_once_slow,Unknown,1,1,100.00,高相似度;
461,___pthread_once,Unknown,1,1,100.00,高相似度;
462,__init_sched_fifo_prio,Unknown,1,1,100.00,高相似度;
463,__pthread_tpp_change_priority,Unknown,1,1,100.00,高相似度;
464,__pthread_current_priority,Unknown,1,1,100.00,高相似度;
465,__libc_scratch_buffer_grow_preserve,Unknown,1,1,100.00,高相似度;
466,__libc_scratch_buffer_set_array_size,Unknown,1,1,100.00,高相似度;
467,__libc_dynarray_at_failure,Unknown,1,1,100.00,高相似度;
468,__libc_dynarray_emplace_enlarge,Unknown,1,1,100.00,高相似度;
469,__strerror_r,Unknown,1,1,100.00,高相似度;
470,__memchr,Unknown,1,1,100.00,高相似度;
471,strchr,Unknown,1,1,100.00,高相似度;
472,strcmp,Unknown,1,1,100.00,高相似度;
473,strncmp,Unknown,1,1,100.00,高相似度;
474,__strnlen,Unknown,1,1,100.00,高相似度;
475,strrchr,Unknown,1,1,100.00,高相似度;
476,two_way_long_needle,Unknown,1,1,100.00,高相似度;
477,strstr,Unknown,1,1,100.00,高相似度;
478,__wcrtomb_internal,Unknown,1,1,100.00,高相似度;
479,__wcrtomb,Unknown,1,1,100.00,高相似度;
480,__wcsmbs_getfct,Unknown,1,1,100.00,高相似度;
481,__wcsmbs_load_conv,Unknown,1,1,100.00,高相似度;
482,__wcsmbs_clone_conv,Unknown,1,1,100.00,高相似度;
483,__wcsmbs_named_conv,Unknown,1,1,100.00,高相似度;
484,_nl_cleanup_ctype,Unknown,1,1,100.00,高相似度;
485,__wcsrtombs,Unknown,1,1,100.00,高相似度;
486,__getdents,Unknown,1,1,100.00,高相似度;
487,__getdents64,Unknown,1,1,100.00,高相似度;
488,_Fork,Unknown,1,1,100.00,高相似度;
489,__nanosleep64,Unknown,1,1,100.00,高相似度;
490,__nanosleep,Unknown,1,1,100.00,高相似度;
491,__sched_cpucount,Unknown,1,1,100.00,高相似度;
492,__sched_getparam,Unknown,1,1,100.00,高相似度;
493,__sched_getscheduler,Unknown,1,1,100.00,高相似度;
494,__sched_get_priority_max,Unknown,1,1,100.00,高相似度;
495,__sched_get_priority_min,Unknown,1,1,100.00,高相似度;
496,__sched_setscheduler,Unknown,1,1,100.00,高相似度;
497,__lseek64,Unknown,1,1,100.00,高相似度;
498,__open64_nocancel,Unknown,1,1,100.00,高相似度;
499,__pread64_nocancel,Unknown,1,1,100.00,高相似度;
500,__write_nocancel,Unknown,1,1,100.00,高相似度;
501,__new_getrlimit,Unknown,1,1,100.00,高相似度;
502,__getpagesize,Unknown,1,1,100.00,高相似度;
503,__mmap64,Unknown,1,1,100.00,高相似度;
504,trecurse,Unknown,1,1,100.00,高相似度;
505,trecurse_r,Unknown,1,1,100.00,高相似度;
506,tdestroy_recurse,Unknown,1,1,100.00,高相似度;
507,maybe_split_for_insert,Unknown,1,1,100.00,高相似度;
508,__tsearch,Unknown,1,1,100.00,高相似度;
509,__tfind,Unknown,1,1,100.00,高相似度;
510,__tdelete,Unknown,1,1,100.00,高相似度;
511,__twalk,Unknown,1,1,100.00,高相似度;
512,__twalk_r,Unknown,1,1,100.00,高相似度;
513,__tdestroy,Unknown,1,1,100.00,高相似度;
514,__init_misc,Unknown,1,1,100.00,高相似度;
515,__chk_fail,Unknown,1,1,100.00,高相似度;
516,__fortify_fail,Unknown,1,1,100.00,高相似度;
517,__readonly_area,Unknown,1,1,100.00,高相似度;
518,fatal_error,Unknown,1,1,100.00,高相似度;
519,_dl_signal_exception,Unknown,1,1,100.00,高相似度;
520,_dl_signal_error,Unknown,1,1,100.00,高相似度;
521,_dl_catch_exception,Unknown,1,1,100.00,高相似度;
522,_dl_catch_error,Unknown,1,1,100.00,高相似度;
523,length_mismatch,Unknown,1,1,100.00,高相似度;
524,_dl_error_free,Unknown,1,1,100.00,高相似度;
525,_dl_exception_create,Unknown,1,1,100.00,高相似度;
526,_dl_exception_create_format,Unknown,1,1,100.00,高相似度;
527,_dl_exception_free,Unknown,1,1,100.00,高相似度;
528,is_dst,Unknown,1,1,100.00,高相似度;
529,is_trusted_path_normalize,Unknown,1,1,100.00,高相似度;
530,open_verify,Unknown,1,1,100.00,高相似度;
531,add_path,Unknown,1,1,100.00,高相似度;
532,open_path,Unknown,1,1,100.00,高相似度;
533,add_name_to_object,Unknown,1,1,100.00,高相似度;
534,_dl_dst_count,Unknown,1,1,100.00,高相似度;
535,_dl_dst_substitute,Unknown,1,1,100.00,高相似度;
536,expand_dynamic_string_token,Unknown,1,1,100.00,高相似度;
537,fillin_rpath,Unknown,1,1,100.00,高相似度;
538,decompose_rpath,Unknown,1,1,100.00,高相似度;
539,cache_rpath,Unknown,1,1,100.00,高相似度;
540,_dl_init_paths,Unknown,1,1,100.00,高相似度;
541,_dl_process_pt_gnu_property,Unknown,1,1,100.00,高相似度;
542,_dl_map_object_from_fd,Unknown,1,1,100.00,高相似度;
543,_dl_map_object,Unknown,1,1,100.00,高相似度;
544,_dl_rtld_di_serinfo,Unknown,1,1,100.00,高相似度;
545,check_match,Unknown,1,1,100.00,高相似度;
546,do_lookup_x,Unknown,1,1,100.00,高相似度;
547,_dl_lookup_symbol_x,Unknown,1,1,100.00,高相似度;
548,_dl_sysdep_read_whole_file,Unknown,1,1,100.00,高相似度;
549,_dl_name_match_p,Unknown,1,1,100.00,高相似度;
550,_dl_higher_prime_number,Unknown,1,1,100.00,高相似度;
551,_dl_strtoul,Unknown,1,1,100.00,高相似度;
552,_dl_add_to_namespace_list,Unknown,1,1,100.00,高相似度;
553,_dl_new_object,Unknown,1,1,100.00,高相似度;
554,_dl_get_origin,Unknown,1,1,100.00,高相似度;
555,_dl_debug_vdprintf,Unknown,1,1,100.00,高相似度;
556,_dl_debug_printf,Unknown,1,1,100.00,高相似度;
557,_dl_debug_printf_c,Unknown,1,1,100.00,高相似度;
558,_dl_dprintf,Unknown,1,1,100.00,高相似度;
559,_dl_printf,Unknown,1,1,100.00,高相似度;
560,_dl_error_printf,Unknown,1,1,100.00,高相似度;
561,_dl_fatal_printf,Unknown,1,1,100.00,高相似度;
562,relocate_pc24,Unknown,1,1,100.00,高相似度;
563,_dl_try_allocate_static_tls,Unknown,1,1,100.00,高相似度;
564,_dl_allocate_static_tls,Unknown,1,1,100.00,高相似度;
565,_dl_protect_relro,Unknown,1,1,100.00,高相似度;
566,_dl_reloc_bad_type,Unknown,1,1,100.00,高相似度;
567,_dl_relocate_object,Unknown,1,1,100.00,高相似度;
568,_dl_scope_free,Unknown,1,1,100.00,高相似度;
569,_dl_setup_hash,Unknown,1,1,100.00,高相似度;
570,__thread_gscope_wait,Unknown,1,1,100.00,高相似度;
571,_dl_runtime_resolve,Unknown,1,1,100.00,高相似度;
572,_dl_cache_libcmp,Unknown,1,1,100.00,高相似度;
573,search_cache,Unknown,1,1,100.00,高相似度;
574,_dl_load_cache_lookup,Unknown,1,1,100.00,高相似度;
575,_dl_unload_cache,Unknown,1,1,100.00,高相似度;
576,_dl_tlsdesc_return,Unknown,1,1,100.00,高相似度;
577,_dl_tlsdesc_undefweak,Unknown,1,1,100.00,高相似度;
578,__gconv_alias_compare,Unknown,1,1,100.00,高相似度;
579,free_derivation,Unknown,1,1,100.00,高相似度;
580,free_modules_db,Unknown,1,1,100.00,高相似度;
581,derivation_compare,Unknown,1,1,100.00,高相似度;
582,__gconv_get_modules_db,Unknown,1,1,100.00,高相似度;
583,__gconv_get_alias_db,Unknown,1,1,100.00,高相似度;
584,__gconv_release_step,Unknown,1,1,100.00,高相似度;
585,find_derivation,Unknown,1,1,100.00,高相似度;
586,__gconv_compare_alias,Unknown,1,1,100.00,高相似度;
587,__gconv_find_transform,Unknown,1,1,100.00,高相似度;
588,__gconv_close_transform,Unknown,1,1,100.00,高相似度;
589,__gconv_db_freemem,Unknown,1,1,100.00,高相似度;
590,__gconv_get_path,Unknown,1,1,100.00,高相似度;
591,insert_module,Unknown,1,1,100.00,高相似度;
592,add_module,Unknown,1,1,100.00,高相似度;
593,add_alias2,Unknown,1,1,100.00,高相似度;
594,read_conf_file,Unknown,1,1,100.00,高相似度;
595,__gconv_read_conf,Unknown,1,1,100.00,高相似度;
596,__gconv_load_conf,Unknown,1,1,100.00,高相似度;
597,__gconv_conf_freemem,Unknown,1,1,100.00,高相似度;
598,__gconv_get_builtin_trans,Unknown,1,1,100.00,高相似度;
599,__gconv_btwoc_ascii,Unknown,1,1,100.00,高相似度;
600,__gconv_transform_internal_ucs4,Unknown,1,1,100.00,高相似度;
601,__gconv_transform_ucs4_internal,Unknown,1,1,100.00,高相似度;
602,__gconv_transform_internal_ucs4le,Unknown,1,1,100.00,高相似度;
603,__gconv_transform_ucs4le_internal,Unknown,1,1,100.00,高相似度;
604,__gconv_transform_ascii_internal,Unknown,1,1,100.00,高相似度;
605,__gconv_transform_internal_ascii,Unknown,1,1,100.00,高相似度;
606,__gconv_transform_internal_utf8,Unknown,1,1,100.00,高相似度;
607,__gconv_transform_utf8_internal,Unknown,1,1,100.00,高相似度;
608,__gconv_transform_ucs2_internal,Unknown,1,1,100.00,高相似度;
609,__gconv_transform_internal_ucs2,Unknown,1,1,100.00,高相似度;
610,__gconv_transform_ucs2reverse_internal,Unknown,1,1,100.00,高相似度;
611,__gconv_transform_internal_ucs2reverse,Unknown,1,1,100.00,高相似度;
612,__gconv_transliterate,Unknown,1,1,100.00,高相似度;
613,find_module_idx,Unknown,1,1,100.00,高相似度;
614,find_module,Unknown,1,1,100.00,高相似度;
615,__gconv_get_cache,Unknown,1,1,100.00,高相似度;
616,__gconv_load_cache,Unknown,1,1,100.00,高相似度;
617,__gconv_compare_alias_cache,Unknown,1,1,100.00,高相似度;
618,__gconv_lookup_cache,Unknown,1,1,100.00,高相似度;
619,__gconv_release_cache,Unknown,1,1,100.00,高相似度;
620,__gconv_cache_freemem,Unknown,1,1,100.00,高相似度;
621,known_compare,Unknown,1,1,100.00,高相似度;
622,do_release_shlib,Unknown,1,1,100.00,高相似度;
623,do_release_all,Unknown,1,1,100.00,高相似度;
624,__gconv_find_shlib,Unknown,1,1,100.00,高相似度;
625,__gconv_release_shlib,Unknown,1,1,100.00,高相似度;
626,__gconv_dl_freemem,Unknown,1,1,100.00,高相似度;
627,new_composite_name,Unknown,1,1,100.00,高相似度;
628,free_category,Unknown,1,1,100.00,高相似度;
629,setlocale,Unknown,1,1,100.00,高相似度;
630,_nl_locale_subfreeres,Unknown,1,1,100.00,高相似度;
631,_nl_postload_ctype,Unknown,1,1,100.00,高相似度;
632,__dcgettext,Unknown,1,1,100.00,高相似度;
633,plural_eval,Unknown,1,1,100.00,高相似度;
634,transcmp,Unknown,1,1,100.00,高相似度;
635,_nl_find_msg,Unknown,1,1,100.00,高相似度;
636,__dcigettext,Unknown,1,1,100.00,高相似度;
637,__intl_freemem,Unknown,1,1,100.00,高相似度;
638,_nl_find_domain,Unknown,1,1,100.00,高相似度;
639,_nl_finddomain_subfreeres,Unknown,1,1,100.00,高相似度;
640,_nl_load_domain,Unknown,1,1,100.00,高相似度;
641,_nl_unload_domain,Unknown,1,1,100.00,高相似度;
642,alias_compare,Unknown,1,1,100.00,高相似度;
643,read_alias_file,Unknown,1,1,100.00,高相似度;
644,_nl_expand_alias,Unknown,1,1,100.00,高相似度;
645,__libc_localealias_freemem,Unknown,1,1,100.00,高相似度;
646,_nl_make_l10nflist,Unknown,1,1,100.00,高相似度;
647,_nl_normalize_codeset,Unknown,1,1,100.00,高相似度;
648,_nl_explode_name,Unknown,1,1,100.00,高相似度;
649,__gettext_free_exp,Unknown,1,1,100.00,高相似度;
650,__gettextparse,Unknown,1,1,100.00,高相似度;
651,__gettext_extract_plural,Unknown,1,1,100.00,高相似度;
652,__hash_string,Unknown,1,1,100.00,高相似度;
653,__longjmp,Unknown,1,1,100.00,高相似度;
654,do_swap,Unknown,1,1,100.00,高相似度;
655,msort_with_tmp,Unknown,1,1,100.00,高相似度;
656,indirect_msort_with_tmp,Unknown,1,1,100.00,高相似度;
657,__qsort_r,Unknown,1,1,100.00,高相似度;
658,qsort,Unknown,1,1,100.00,高相似度;
659,___asprintf,Unknown,1,1,100.00,高相似度;
660,__funlockfile,Unknown,1,1,100.00,高相似度;
661,__grouping_iterator_init_none,Unknown,1,1,100.00,高相似度;
662,__grouping_iterator_init,Unknown,1,1,100.00,高相似度;
663,__grouping_iterator_next,Unknown,1,1,100.00,高相似度;
664,__printf_buffer_done,Unknown,1,1,100.00,高相似度;
665,__printf_buffer_pad_1,Unknown,1,1,100.00,高相似度;
666,__printf_buffer_putc_1,Unknown,1,1,100.00,高相似度;
667,__printf_buffer_puts_1,Unknown,1,1,100.00,高相似度;
668,__printf_buffer_to_file_switch,Unknown,1,1,100.00,高相似度;
669,__printf_buffer_flush_to_file,Unknown,1,1,100.00,高相似度;
670,__printf_buffer_to_file_init,Unknown,1,1,100.00,高相似度;
671,__printf_buffer_to_file_done,Unknown,1,1,100.00,高相似度;
672,__printf_buffer_write,Unknown,1,1,100.00,高相似度;
673,hack_digit,Unknown,1,1,100.00,高相似度;
674,__printf_fp_buffer_1,Unknown,1,1,100.00,高相似度;
675,__printf_buffer_flush_fp,Unknown,1,1,100.00,高相似度;
676,__printf_fp_l_buffer,Unknown,1,1,100.00,高相似度;
677,__printf_buffer_flush_fp_to_wide,Unknown,1,1,100.00,高相似度;
678,__wprintf_fp_l_buffer,Unknown,1,1,100.00,高相似度;
679,___printf_fp,Unknown,1,1,100.00,高相似度;
680,__printf_fphex_buffer,Unknown,1,1,100.00,高相似度;
681,__printf_fphex_l_buffer,Unknown,1,1,100.00,高相似度;
682,__printf_buffer_flush_fphex_to_wide,Unknown,1,1,100.00,高相似度;
683,__wprintf_fphex_l_buffer,Unknown,1,1,100.00,高相似度;
684,__printf_function_invoke,Unknown,1,1,100.00,高相似度;
685,__register_printf_modifier,Unknown,1,1,100.00,高相似度;
686,__handle_registered_modifier_mb,Unknown,1,1,100.00,高相似度;
687,__handle_registered_modifier_wc,Unknown,1,1,100.00,高相似度;
688,__libc_printf_freemem,Unknown,1,1,100.00,高相似度;
689,__register_printf_specifier,Unknown,1,1,100.00,高相似度;
690,__register_printf_function,Unknown,1,1,100.00,高相似度;
691,__register_printf_type,Unknown,1,1,100.00,高相似度;
692,__snprintf,Unknown,1,1,100.00,高相似度;
693,__translated_number_width,Unknown,1,1,100.00,高相似度;
694,__wprintf_buffer_putc_1,Unknown,1,1,100.00,高相似度;
695,__wprintf_buffer_flush_to_file,Unknown,1,1,100.00,高相似度;
696,__wprintf_buffer_to_file_init,Unknown,1,1,100.00,高相似度;
697,__wprintf_buffer_to_file_done,Unknown,1,1,100.00,高相似度;
698,__get_errlist,Unknown,1,1,100.00,高相似度;
699,_IO_file_doallocate,Unknown,1,1,100.00,高相似度;
700,_IO_new_fclose,Unknown,1,1,100.00,高相似度;
701,__fopen_maybe_mmap,Unknown,1,1,100.00,高相似度;
702,__fopen_internal,Unknown,1,1,100.00,高相似度;
703,_IO_new_fopen,Unknown,1,1,100.00,高相似度;
704,__getdelim,Unknown,1,1,100.00,高相似度;
705,save_for_wbackup,Unknown,1,1,100.00,高相似度;
706,_IO_least_wmarker,Unknown,1,1,100.00,高相似度;
707,_IO_switch_to_main_wget_area,Unknown,1,1,100.00,高相似度;
708,_IO_switch_to_wbackup_area,Unknown,1,1,100.00,高相似度;
709,_IO_wsetb,Unknown,1,1,100.00,高相似度;
710,_IO_wdefault_pbackfail,Unknown,1,1,100.00,高相似度;
711,_IO_wdefault_finish,Unknown,1,1,100.00,高相似度;
712,_IO_wdefault_uflow,Unknown,1,1,100.00,高相似度;
713,__woverflow,Unknown,1,1,100.00,高相似度;
714,_IO_wdefault_xsputn,Unknown,1,1,100.00,高相似度;
715,_IO_wdoallocbuf,Unknown,1,1,100.00,高相似度;
716,_IO_wdefault_doallocate,Unknown,1,1,100.00,高相似度;
717,_IO_switch_to_wget_mode,Unknown,1,1,100.00,高相似度;
718,_IO_free_wbackup_area,Unknown,1,1,100.00,高相似度;
719,__wuflow,Unknown,1,1,100.00,高相似度;
720,__wunderflow,Unknown,1,1,100.00,高相似度;
721,_IO_wdefault_xsgetn,Unknown,1,1,100.00,高相似度;
722,_IO_sputbackwc,Unknown,1,1,100.00,高相似度;
723,_IO_sungetwc,Unknown,1,1,100.00,高相似度;
724,_IO_adjust_wcolumn,Unknown,1,1,100.00,高相似度;
725,_IO_init_wmarker,Unknown,1,1,100.00,高相似度;
726,_IO_wmarker_delta,Unknown,1,1,100.00,高相似度;
727,_IO_seekwmark,Unknown,1,1,100.00,高相似度;
728,_IO_unsave_wmarkers,Unknown,1,1,100.00,高相似度;
729,adjust_wide_data,Unknown,1,1,100.00,高相似度;
730,_IO_wdo_write,Unknown,1,1,100.00,高相似度;
731,_IO_wfile_underflow,Unknown,1,1,100.00,高相似度;
732,_IO_wfile_underflow_mmap,Unknown,1,1,100.00,高相似度;
733,_IO_wfile_underflow_maybe_mmap,Unknown,1,1,100.00,高相似度;
734,_IO_wfile_overflow,Unknown,1,1,100.00,高相似度;
735,_IO_wfile_sync,Unknown,1,1,100.00,高相似度;
736,_IO_wfile_seekoff,Unknown,1,1,100.00,高相似度;
737,_IO_wfile_xsputn,Unknown,1,1,100.00,高相似度;
738,_IO_fwide,Unknown,1,1,100.00,高相似度;
739,__libio_codecvt_out,Unknown,1,1,100.00,高相似度;
740,__libio_codecvt_in,Unknown,1,1,100.00,高相似度;
741,__libio_codecvt_encoding,Unknown,1,1,100.00,高相似度;
742,__libio_codecvt_length,Unknown,1,1,100.00,高相似度;
743,__printf_buffer_flush_asprintf,Unknown,1,1,100.00,高相似度;
744,__vasprintf_internal,Unknown,1,1,100.00,高相似度;
745,__vasprintf,Unknown,1,1,100.00,高相似度;
746,__printf_buffer_flush_snprintf,Unknown,1,1,100.00,高相似度;
747,__printf_buffer_snprintf_init,Unknown,1,1,100.00,高相似度;
748,__printf_buffer_snprintf_done,Unknown,1,1,100.00,高相似度;
749,__vsnprintf_internal,Unknown,1,1,100.00,高相似度;
750,___vsnprintf,Unknown,1,1,100.00,高相似度;
751,__fgets_unlocked,Unknown,1,1,100.00,高相似度;
752,__libc_alloca_cutoff,Unknown,1,1,100.00,高相似度;
753,__pthread_cleanup_push,Unknown,1,1,100.00,高相似度;
754,__pthread_cleanup_pop,Unknown,1,1,100.00,高相似度;
755,__futex_abstimed_wait64,Unknown,1,1,100.00,高相似度;
756,__futex_abstimed_wait_cancelable64,Unknown,1,1,100.00,高相似度;
757,__futex_lock_pi64,Unknown,1,1,100.00,高相似度;
758,__nptl_stack_list_del,Unknown,1,1,100.00,高相似度;
759,__nptl_stack_list_add,Unknown,1,1,100.00,高相似度;
760,__nptl_free_stacks,Unknown,1,1,100.00,高相似度;
761,__nptl_deallocate_stack,Unknown,1,1,100.00,高相似度;
762,__pthread_get_minstack,Unknown,1,1,100.00,高相似度;
763,___pthread_rwlock_init,Unknown,1,1,100.00,高相似度;
764,___pthread_rwlock_rdlock,Unknown,1,1,100.00,高相似度;
765,___pthread_rwlock_unlock,Unknown,1,1,100.00,高相似度;
766,___pthread_rwlock_wrlock,Unknown,1,1,100.00,高相似度;
767,__argz_add_sep,Unknown,1,1,100.00,高相似度;
768,__argz_create_sep,Unknown,1,1,100.00,高相似度;
769,__memrchr,Unknown,1,1,100.00,高相似度;
770,__stpcpy,Unknown,1,1,100.00,高相似度;
771,__strcasecmp_l,Unknown,1,1,100.00,高相似度;
772,strcpy,Unknown,1,1,100.00,高相似度;
773,strcspn,Unknown,1,1,100.00,高相似度;
774,__strdup,Unknown,1,1,100.00,高相似度;
775,__strsep,Unknown,1,1,100.00,高相似度;
776,__strtok_r,Unknown,1,1,100.00,高相似度;
777,__wcslen,Unknown,1,1,100.00,高相似度;
778,__wcsnlen,Unknown,1,1,100.00,高相似度;
779,__wmemchr,Unknown,1,1,100.00,高相似度;
780,__wmemcpy,Unknown,1,1,100.00,高相似度;
781,__wmemmove,Unknown,1,1,100.00,高相似度;
782,__wmempcpy,Unknown,1,1,100.00,高相似度;
783,__clock_nanosleep_time64,Unknown,1,1,100.00,高相似度;
784,__clock_nanosleep,Unknown,1,1,100.00,高相似度;
785,__readdir64,Unknown,1,1,100.00,高相似度;
786,__getcwd,Unknown,1,1,100.00,高相似度;
787,__isatty,Unknown,1,1,100.00,高相似度;
788,__lstat64_time64,Unknown,1,1,100.00,高相似度;
789,__lstat64,Unknown,1,1,100.00,高相似度;
790,__libc_openat64,Unknown,1,1,100.00,高相似度;
791,__stat64_time64,Unknown,1,1,100.00,高相似度;
792,__stat64,Unknown,1,1,100.00,高相似度;
793,__tcgetattr,Unknown,1,1,100.00,高相似度;
794,_dl_make_stacks_executable,Unknown,1,1,100.00,高相似度;
795,__nptl_change_stack_perm,Unknown,1,1,100.00,高相似度;
796,_dl_fixup,Unknown,1,1,100.00,高相似度;
797,do_dlopen,Unknown,1,1,100.00,高相似度;
798,dlerror_run,Unknown,1,1,100.00,高相似度;
799,do_dlsym_private,Unknown,1,1,100.00,高相似度;
800,do_dlsym,Unknown,1,1,100.00,高相似度;
801,do_dlvsym,Unknown,1,1,100.00,高相似度;
802,do_dlclose,Unknown,1,1,100.00,高相似度;
803,free_slotinfo,Unknown,1,1,100.00,高相似度;
804,__libc_dlopen_mode,Unknown,1,1,100.00,高相似度;
805,__libc_dlsym_private,Unknown,1,1,100.00,高相似度;
806,__libc_dlsym,Unknown,1,1,100.00,高相似度;
807,__libc_dlvsym,Unknown,1,1,100.00,高相似度;
808,__libc_dlclose,Unknown,1,1,100.00,高相似度;
809,__dl_libc_freemem,Unknown,1,1,100.00,高相似度;
810,__gconv_open,Unknown,1,1,100.00,高相似度;
811,__gconv,Unknown,1,1,100.00,高相似度;
812,__gconv_close,Unknown,1,1,100.00,高相似度;
813,gconv_parse_code,Unknown,1,1,100.00,高相似度;
814,__gconv_create_spec,Unknown,1,1,100.00,高相似度;
815,__gconv_destroy_spec,Unknown,1,1,100.00,高相似度;
816,_nl_find_locale,Unknown,1,1,100.00,高相似度;
817,_nl_remove_locale,Unknown,1,1,100.00,高相似度;
818,rangecmp,Unknown,1,1,100.00,高相似度;
819,_nl_load_locale_from_archive,Unknown,1,1,100.00,高相似度;
820,_nl_archive_subfreeres,Unknown,1,1,100.00,高相似度;
821,_nl_intern_locale_data,Unknown,1,1,100.00,高相似度;
822,_nl_load_locale,Unknown,1,1,100.00,高相似度;
823,_nl_unload_locale,Unknown,1,1,100.00,高相似度;
824,__current_locale_name,Unknown,1,1,100.00,高相似度;
825,__mpn_cmp,Unknown,1,1,100.00,高相似度;
826,__mpn_divrem,Unknown,1,1,100.00,高相似度;
827,__mpn_lshift,Unknown,1,1,100.00,高相似度;
828,__mpn_mul,Unknown,1,1,100.00,高相似度;
829,__mpn_mul_1,Unknown,1,1,100.00,高相似度;
830,__mpn_impn_mul_n_basecase,Unknown,1,1,100.00,高相似度;
831,__mpn_impn_mul_n,Unknown,1,1,100.00,高相似度;
832,__mpn_impn_sqr_n_basecase,Unknown,1,1,100.00,高相似度;
833,__mpn_impn_sqr_n,Unknown,1,1,100.00,高相似度;
834,__mpn_mul_n,Unknown,1,1,100.00,高相似度;
835,__mpn_rshift,Unknown,1,1,100.00,高相似度;
836,__mpn_sub_n,Unknown,1,1,100.00,高相似度;
837,__mpn_submul_1,Unknown,1,1,100.00,高相似度;
838,__mpn_extract_double,Unknown,1,1,100.00,高相似度;
839,__printf_buffer_as_file_commit,Unknown,1,1,100.00,高相似度;
840,__printf_buffer_as_file_overflow,Unknown,1,1,100.00,高相似度;
841,__printf_buffer_as_file_xsputn,Unknown,1,1,100.00,高相似度;
842,__printf_buffer_as_file_init,Unknown,1,1,100.00,高相似度;
843,__printf_buffer_as_file_terminate,Unknown,1,1,100.00,高相似度;
844,__printf_buffer_flush,Unknown,1,1,100.00,高相似度;
845,__wprintf_buffer_done,Unknown,1,1,100.00,高相似度;
846,__wprintf_buffer_flush,Unknown,1,1,100.00,高相似度;
847,_IO_getline_info,Unknown,1,1,100.00,高相似度;
848,_IO_getline,Unknown,1,1,100.00,高相似度;
849,__memmem,Unknown,1,1,100.00,高相似度;
850,__strndup,Unknown,1,1,100.00,高相似度;
851,strspn,Unknown,1,1,100.00,高相似度;
852,_nl_cleanup_time,Unknown,1,1,100.00,高相似度;
853,__fdopendir,Unknown,1,1,100.00,高相似度;
854,__rewinddir,Unknown,1,1,100.00,高相似度;
855,__sysconf,Unknown,1,1,100.00,高相似度;
856,__lseek,Unknown,1,1,100.00,高相似度;
857,__getclktck,Unknown,1,1,100.00,高相似度;
858,__getdtablesize,Unknown,1,1,100.00,高相似度;
859,remove_slotinfo,Unknown,1,1,100.00,高相似度;
860,_dl_close_worker,Unknown,1,1,100.00,高相似度;
861,_dl_close,Unknown,1,1,100.00,高相似度;
862,add_to_global_update,Unknown,1,1,100.00,高相似度;
863,call_dl_init,Unknown,1,1,100.00,高相似度;
864,dl_open_worker,Unknown,1,1,100.00,高相似度;
865,add_to_global_resize_failure,Unknown,1,1,100.00,高相似度;
866,add_to_global_resize,Unknown,1,1,100.00,高相似度;
867,_dl_find_dso_for_object,Unknown,1,1,100.00,高相似度;
868,_dl_open,Unknown,1,1,100.00,高相似度;
869,_dl_show_scope,Unknown,1,1,100.00,高相似度;
870,dl_open_worker_begin,Unknown,1,1,100.00,高相似度;
871,dfs_traversal,Unknown,1,1,100.00,高相似度;
872,_dl_sort_maps_init,Unknown,1,1,100.00,高相似度;
873,_dl_sort_maps,Unknown,1,1,100.00,高相似度;
874,_dl_check_map_versions,Unknown,1,1,100.00,高相似度;
875,_dl_check_all_versions,Unknown,1,1,100.00,高相似度;
876,_dl_unmap,Unknown,1,1,100.00,高相似度;
877,_dl_addr_inside_object,Unknown,1,1,100.00,高相似度;
878,_dl_find_object_from_map,Unknown,1,1,100.00,高相似度;
879,_dlfo_process_initial,Unknown,1,1,100.00,高相似度;
880,_dlfo_sort_mappings,Unknown,1,1,100.00,高相似度;
881,__dl_find_object,Unknown,1,1,100.00,高相似度;
882,_dl_find_object_init,Unknown,1,1,100.00,高相似度;
883,_dl_find_object_update,Unknown,1,1,100.00,高相似度;
884,_dl_find_object_dlclose,Unknown,1,1,100.00,高相似度;
885,_dl_find_object_freeres,Unknown,1,1,100.00,高相似度;
886,__rtld_static_init,Unknown,1,1,100.00,高相似度;
887,__mpn_add_n,Unknown,1,1,100.00,高相似度;
888,__mpn_addmul_1,Unknown,1,1,100.00,高相似度;
889,__dladdr,Unknown,1,1,100.00,高相似度;
890,__dladdr1,Unknown,1,1,100.00,高相似度;
891,__dlclose,Unknown,1,1,100.00,高相似度;
892,__dlerror,Unknown,1,1,100.00,高相似度;
893,_dlerror_run,Unknown,1,1,100.00,高相似度;
894,dlinfo_doit,Unknown,1,1,100.00,高相似度;
895,__dlinfo,Unknown,1,1,100.00,高相似度;
896,dlmopen_doit,Unknown,1,1,100.00,高相似度;
897,__dlmopen,Unknown,1,1,100.00,高相似度;
898,___dlmopen,Unknown,1,1,100.00,高相似度;
899,dlopen_doit,Unknown,1,1,100.00,高相似度;
900,__dlopen,Unknown,1,1,100.00,高相似度;
901,___dlopen,Unknown,1,1,100.00,高相似度;
902,dlsym_doit,Unknown,1,1,100.00,高相似度;
903,__dlsym,Unknown,1,1,100.00,高相似度;
904,___dlsym,Unknown,1,1,100.00,高相似度;
905,dlvsym_doit,Unknown,1,1,100.00,高相似度;
906,__dlvsym,Unknown,1,1,100.00,高相似度;
907,___dlvsym,Unknown,1,1,100.00,高相似度;
908,__libc_dlerror_result_free,Unknown,1,1,100.00,高相似度;
909,__get_child_max,Unknown,1,1,100.00,高相似度;
910,__atomic_wide_counter_fetch_add_relaxed,Unknown,1,1,100.00,高相似度;
911,__atomic_wide_counter_load_relaxed,Unknown,1,1,100.00,高相似度;
912,_dl_call_libc_early_init,Unknown,1,1,100.00,高相似度;
913,_dl_call_fini,Unknown,1,1,100.00,高相似度;
914,openaux,Unknown,1,1,100.00,高相似度;
915,_dl_map_object_deps,Unknown,1,1,100.00,高相似度;
916,call_init,Unknown,1,1,100.00,高相似度;
917,_dl_init,Unknown,1,1,100.00,高相似度;
918,_dl_lookup_direct,Unknown,1,1,100.00,高相似度;
919,_dl_addr,Unknown,1,1,100.00,高相似度;
920,call_dl_lookup,Unknown,1,1,100.00,高相似度;
921,do_sym,Unknown,1,1,100.00,高相似度;
922,_dl_vsym,Unknown,1,1,100.00,高相似度;
923,_dl_sym,Unknown,1,1,100.00,高相似度;
924,__gtdf2,Unknown,1,1,100.00,高相似度;
925,__ltdf2,Unknown,1,1,100.00,高相似度;
926,__cmpdf2,Unknown,1,1,100.00,高相似度;
927,__aeabi_cdrcmple,Unknown,1,1,100.00,高相似度;
928,__aeabi_cdcmpeq,Unknown,1,1,100.00,高相似度;
929,__aeabi_dcmpeq,Unknown,1,1,100.00,高相似度;
930,__aeabi_dcmplt,Unknown,1,1,100.00,高相似度;
931,__aeabi_dcmple,Unknown,1,1,100.00,高相似度;
932,__aeabi_dcmpge,Unknown,1,1,100.00,高相似度;
933,__aeabi_dcmpgt,Unknown,1,1,100.00,高相似度;
934,__unorddf2,Unknown,1,1,100.00,高相似度;
935,__sync_fetch_and_add_4,Unknown,1,1,100.00,高相似度;
936,__sync_fetch_and_sub_4,Unknown,1,1,100.00,高相似度;
937,__sync_fetch_and_or_4,Unknown,1,1,100.00,高相似度;
938,__sync_fetch_and_and_4,Unknown,1,1,100.00,高相似度;
939,__sync_fetch_and_xor_4,Unknown,1,1,100.00,高相似度;
940,__sync_fetch_and_nand_4,Unknown,1,1,100.00,高相似度;
941,__sync_fetch_and_add_2,Unknown,1,1,100.00,高相似度;
942,__sync_fetch_and_sub_2,Unknown,1,1,100.00,高相似度;
943,__sync_fetch_and_or_2,Unknown,1,1,100.00,高相似度;
944,__sync_fetch_and_and_2,Unknown,1,1,100.00,高相似度;
945,__sync_fetch_and_xor_2,Unknown,1,1,100.00,高相似度;
946,__sync_fetch_and_nand_2,Unknown,1,1,100.00,高相似度;
947,__sync_fetch_and_add_1,Unknown,1,1,100.00,高相似度;
948,__sync_fetch_and_sub_1,Unknown,1,1,100.00,高相似度;
949,__sync_fetch_and_or_1,Unknown,1,1,100.00,高相似度;
950,__sync_fetch_and_and_1,Unknown,1,1,100.00,高相似度;
951,__sync_fetch_and_xor_1,Unknown,1,1,100.00,高相似度;
952,__sync_fetch_and_nand_1,Unknown,1,1,100.00,高相似度;
953,__sync_add_and_fetch_4,Unknown,1,1,100.00,高相似度;
954,__sync_sub_and_fetch_4,Unknown,1,1,100.00,高相似度;
955,__sync_or_and_fetch_4,Unknown,1,1,100.00,高相似度;
956,__sync_and_and_fetch_4,Unknown,1,1,100.00,高相似度;
957,__sync_xor_and_fetch_4,Unknown,1,1,100.00,高相似度;
958,__sync_nand_and_fetch_4,Unknown,1,1,100.00,高相似度;
959,__sync_add_and_fetch_2,Unknown,1,1,100.00,高相似度;
960,__sync_sub_and_fetch_2,Unknown,1,1,100.00,高相似度;
961,__sync_or_and_fetch_2,Unknown,1,1,100.00,高相似度;
962,__sync_and_and_fetch_2,Unknown,1,1,100.00,高相似度;
963,__sync_xor_and_fetch_2,Unknown,1,1,100.00,高相似度;
964,__sync_nand_and_fetch_2,Unknown,1,1,100.00,高相似度;
965,__sync_add_and_fetch_1,Unknown,1,1,100.00,高相似度;
966,__sync_sub_and_fetch_1,Unknown,1,1,100.00,高相似度;
967,__sync_or_and_fetch_1,Unknown,1,1,100.00,高相似度;
968,__sync_and_and_fetch_1,Unknown,1,1,100.00,高相似度;
969,__sync_xor_and_fetch_1,Unknown,1,1,100.00,高相似度;
970,__sync_nand_and_fetch_1,Unknown,1,1,100.00,高相似度;
971,__sync_val_compare_and_swap_4,Unknown,1,1,100.00,高相似度;
972,__sync_val_compare_and_swap_2,Unknown,1,1,100.00,高相似度;
973,__sync_val_compare_and_swap_1,Unknown,1,1,100.00,高相似度;
974,__sync_bool_compare_and_swap_4,Unknown,1,1,100.00,高相似度;
975,__sync_bool_compare_and_swap_2,Unknown,1,1,100.00,高相似度;
976,__sync_bool_compare_and_swap_1,Unknown,1,1,100.00,高相似度;
977,__sync_synchronize,Unknown,1,1,100.00,高相似度;
978,__sync_lock_test_and_set_4,Unknown,1,1,100.00,高相似度;
979,__sync_lock_test_and_set_2,Unknown,1,1,100.00,高相似度;
980,__sync_lock_test_and_set_1,Unknown,1,1,100.00,高相似度;
981,__sync_lock_release_8,Unknown,1,1,100.00,高相似度;
982,__sync_lock_release_4,Unknown,1,1,100.00,高相似度;
983,__sync_lock_release_2,Unknown,1,1,100.00,高相似度;
984,__sync_lock_release_1,Unknown,1,1,100.00,高相似度;
985,selfrel_offset31,Unknown,1,1,100.00,高相似度;
986,search_EIT_table,Unknown,1,1,100.00,高相似度;
987,__gnu_unwind_get_pr_addr,Unknown,1,1,100.00,高相似度;
988,get_eit_entry,Unknown,1,1,100.00,高相似度;
989,restore_non_core_regs,Unknown,1,1,100.00,高相似度;
990,_Unwind_decode_typeinfo_ptr,Unknown,1,1,100.00,高相似度;
991,_Unwind_DebugHook,Unknown,1,1,100.00,高相似度;
992,unwind_phase2,Unknown,1,1,100.00,高相似度;
993,unwind_phase2_forced,Unknown,1,1,100.00,高相似度;
994,_Unwind_GetCFA,Unknown,1,1,100.00,高相似度;
995,__gnu_Unwind_RaiseException,Unknown,1,1,100.00,高相似度;
996,__gnu_Unwind_ForcedUnwind,Unknown,1,1,100.00,高相似度;
997,__gnu_Unwind_Resume,Unknown,1,1,100.00,高相似度;
998,__gnu_Unwind_Resume_or_Rethrow,Unknown,1,1,100.00,高相似度;
999,_Unwind_Complete,Unknown,1,1,100.00,高相似度;
1000,_Unwind_DeleteException,Unknown,1,1,100.00,高相似度;
1001,_Unwind_VRS_Get,Unknown,1,1,100.00,高相似度;
1002,_Unwind_GetGR,Unknown,1,1,100.00,高相似度;
1003,_Unwind_VRS_Set,Unknown,1,1,100.00,高相似度;
1004,_Unwind_SetGR,Unknown,1,1,100.00,高相似度;
1005,__gnu_Unwind_Backtrace,Unknown,1,1,100.00,高相似度;
1006,__gnu_unwind_pr_common,Unknown,1,1,100.00,高相似度;
1007,__aeabi_unwind_cpp_pr0,Unknown,1,1,100.00,高相似度;
1008,__aeabi_unwind_cpp_pr1,Unknown,1,1,100.00,高相似度;
1009,__aeabi_unwind_cpp_pr2,Unknown,1,1,100.00,高相似度;
1010,_Unwind_VRS_Pop,Unknown,1,1,100.00,高相似度;
1011,__restore_core_regs,Unknown,1,1,100.00,高相似度;
1012,__gnu_Unwind_Restore_VFP,Unknown,1,1,100.00,高相似度;
1013,__gnu_Unwind_Save_VFP,Unknown,1,1,100.00,高相似度;
1014,__gnu_Unwind_Restore_VFP_D,Unknown,1,1,100.00,高相似度;
1015,__gnu_Unwind_Save_VFP_D,Unknown,1,1,100.00,高相似度;
1016,__gnu_Unwind_Restore_VFP_D_16_to_31,Unknown,1,1,100.00,高相似度;
1017,__gnu_Unwind_Save_VFP_D_16_to_31,Unknown,1,1,100.00,高相似度;
1018,__gnu_Unwind_Restore_WMMXD,Unknown,1,1,100.00,高相似度;
1019,__gnu_Unwind_Save_WMMXD,Unknown,1,1,100.00,高相似度;
1020,__gnu_Unwind_Restore_WMMXC,Unknown,1,1,100.00,高相似度;
1021,__gnu_Unwind_Save_WMMXC,Unknown,1,1,100.00,高相似度;
1022,___Unwind_RaiseException,Unknown,1,1,100.00,高相似度;
1023,___Unwind_Resume,Unknown,1,1,100.00,高相似度;
1024,___Unwind_Resume_or_Rethrow,Unknown,1,1,100.00,高相似度;
1025,___Unwind_ForcedUnwind,Unknown,1,1,100.00,高相似度;
1026,___Unwind_Backtrace,Unknown,1,1,100.00,高相似度;
1027,next_unwind_byte,Unknown,1,1,100.00,高相似度;
1028,unwind_UCB_from_context,Unknown,1,1,100.00,高相似度;
1029,__gnu_unwind_execute,Unknown,1,1,100.00,高相似度;
1030,__gnu_unwind_frame,Unknown,1,1,100.00,高相似度;
1031,_Unwind_GetRegionStart,Unknown,1,1,100.00,高相似度;
1032,_Unwind_GetLanguageSpecificData,Unknown,1,1,100.00,高相似度;
1033,read_uleb128,Unknown,1,1,100.00,高相似度;
1034,read_sleb128,Unknown,1,1,100.00,高相似度;
1035,base_of_encoded_value,Unknown,1,1,100.00,高相似度;
1036,read_encoded_value_with_base,Unknown,1,1,100.00,高相似度;
1037,read_encoded_value,Unknown,1,1,100.00,高相似度;
1038,parse_lsda_header,Unknown,1,1,100.00,高相似度;
1039,__gcc_personality_v0,Unknown,1,1,100.00,高相似度;
1040,_fini,Unknown,1,1,100.00,高相似度;
