Label,Function,SourceFile,ARM_PcodeLines,MIPS_PcodeLines,Match_Ratio,Notes
652,__hash_string,Unknown,29,2437,0.86,P-code行數差異顯著; 低相似度
455,__pthread_mutex_unlock_full,Unknown,867,126,2.84,P-code行數差異顯著; 低相似度
302,_dl_early_allocate,Unknown,26,63,28.58,P-code行數差異顯著; 低相似度
909,__get_child_max,Unknown,9,61,14.86,P-code行數差異顯著; 低相似度
929,__aeabi_dcmpeq,Unknown,2,30,6.17,P-code行數差異顯著; 低相似度
505,trecurse_r,Unknown,36,472,5.04,P-code行數差異顯著; 低相似度
1030,__gnu_unwind_frame,Unknown,22,28,23.71,P-code行數差異顯著; 低相似度
447,__libc_cleanup_push_defer,Unknown,31,81,19.20,P-code行數差異顯著; 低相似度
189,memmove,Unknown,1173,140,1.77,P-code行數差異顯著; 低相似度
297,__tunable_set_val,Unknown,8,273,3.38,P-code行數差異顯著; 低相似度
936,__sync_fetch_and_sub_4,Unknown,11,1047,0.44,P-code行數差異顯著; 低相似度
939,__sync_fetch_and_xor_4,Unknown,11,505,2.08,P-code行數差異顯著; 低相似度
604,__gconv_transform_ascii_internal,Unknown,893,165,6.98,P-code行數差異顯著; 低相似度
776,__strtok_r,Unknown,45,54,17.26,低相似度
486,__getdents,Unknown,127,176,6.35,P-code行數差異顯著; 低相似度
914,openaux,Unknown,31,6275,0.45,P-code行數差異顯著; 低相似度
723,_IO_sungetwc,Unknown,53,35,24.11,P-code行數差異顯著; 低相似度
293,__tls_init_tp,Unknown,233,44,7.12,P-code行數差異顯著; 低相似度
453,__pthread_mutex_lock_full,Unknown,24,34,13.30,P-code行數差異顯著; 低相似度
775,__strsep,Unknown,16,56,20.01,P-code行數差異顯著; 低相似度
345,_IO_vtable_check,Unknown,22,8,22.08,P-code行數差異顯著; 低相似度
421,_IO_default_pbackfail,Unknown,106,7,7.17,P-code行數差異顯著; 低相似度
393,_IO_default_uflow,Unknown,39,188,19.08,P-code行數差異顯著; 低相似度
555,_dl_debug_vdprintf,Unknown,676,47,1.73,P-code行數差異顯著; 低相似度
659,___asprintf,Unknown,8,1718,0.35,P-code行數差異顯著; 低相似度
1037,read_encoded_value,Unknown,3,40,6.69,P-code行數差異顯著; 低相似度
408,_IO_sputbackc,Unknown,60,808,8.37,P-code行數差異顯著; 低相似度
969,__sync_xor_and_fetch_1,Unknown,27,360,0.95,P-code行數差異顯著; 低相似度
109,exit,Unknown,8,79,9.39,P-code行數差異顯著; 低相似度
952,__sync_fetch_and_nand_1,Unknown,27,136,7.64,P-code行數差異顯著; 低相似度
499,__pread64_nocancel,Unknown,21,59,27.89,P-code行數差異顯著; 低相似度
880,_dlfo_sort_mappings,Unknown,5,28,17.53,P-code行數差異顯著; 低相似度
605,__gconv_transform_internal_ascii,Unknown,5254,110,1.25,P-code行數差異顯著; 低相似度
549,_dl_name_match_p,Unknown,22,35,29.34,P-code行數差異顯著; 低相似度
697,__wprintf_buffer_to_file_done,Unknown,11,17,26.77,P-code行數差異顯著; 低相似度
29,attack_tcp_stomp,Unknown,2252,1,0.04,P-code行數差異顯著; 低相似度
374,_IO_new_file_xsputn,Unknown,188,10,8.67,P-code行數差異顯著; 低相似度
573,search_cache,Unknown,135,75,15.94,P-code行數差異顯著; 低相似度
670,__printf_buffer_to_file_init,Unknown,35,867,3.92,P-code行數差異顯著; 低相似度
781,__wmemmove,Unknown,4,67,2.09,P-code行數差異顯著; 低相似度
871,dfs_traversal,Unknown,71,2735,3.69,P-code行數差異顯著; 低相似度
862,add_to_global_update,Unknown,289,107,12.27,P-code行數差異顯著; 低相似度
570,__thread_gscope_wait,Unknown,286,46,8.31,P-code行數差異顯著; 低相似度
323,__clearenv,Unknown,149,21,3.44,P-code行數差異顯著; 低相似度
476,two_way_long_needle,Unknown,390,2,0.78,P-code行數差異顯著; 低相似度
701,__fopen_maybe_mmap,Unknown,45,47,19.36,低相似度
203,__readdir_unlocked,Unknown,101,45,15.23,P-code行數差異顯著; 低相似度
972,__sync_val_compare_and_swap_2,Unknown,38,391,1.88,P-code行數差異顯著; 低相似度
578,__gconv_alias_compare,Unknown,4,395,2.13,P-code行數差異顯著; 低相似度
1034,read_sleb128,Unknown,29,23,15.94,P-code行數差異顯著; 低相似度
529,is_trusted_path_normalize,Unknown,170,281,16.39,P-code行數差異顯著; 低相似度
539,cache_rpath,Unknown,43,7,16.88,P-code行數差異顯著; 低相似度
195,__time,Unknown,28,50,18.41,P-code行數差異顯著; 低相似度
21,attack_start,Unknown,76,2,7.01,P-code行數差異顯著; 低相似度
821,_nl_intern_locale_data,Unknown,794,81,3.88,P-code行數差異顯著; 低相似度
154,arena_get_retry,Unknown,147,13,5.39,P-code行數差異顯著; 低相似度
64,util_strlen,Unknown,14,3,21.84,P-code行數差異顯著; 低相似度
727,_IO_seekwmark,Unknown,73,8404,0.69,P-code行數差異顯著; 低相似度
608,__gconv_transform_ucs2_internal,Unknown,2837,522,3.72,P-code行數差異顯著; 低相似度
144,detach_arena,Unknown,18,3,24.14,P-code行數差異顯著; 低相似度
330,__isoc23_strtoul_l,Unknown,2,63,5.46,P-code行數差異顯著; 低相似度
200,__opendirat,Unknown,31,35,15.30,低相似度
943,__sync_fetch_and_or_2,Unknown,29,17,17.41,P-code行數差異顯著; 低相似度
534,_dl_dst_count,Unknown,64,205,17.89,P-code行數差異顯著; 低相似度
945,__sync_fetch_and_xor_2,Unknown,29,334,4.96,P-code行數差異顯著; 低相似度
566,_dl_reloc_bad_type,Unknown,38,35,17.82,低相似度
638,_nl_find_domain,Unknown,258,72,13.63,P-code行數差異顯著; 低相似度
354,_IO_file_setbuf_mmap,Unknown,54,3736,1.13,P-code行數差異顯著; 低相似度
282,_dl_assign_tls_modid,Unknown,248,11,4.77,P-code行數差異顯著; 低相似度
466,__libc_scratch_buffer_set_array_size,Unknown,83,56,20.48,P-code行數差異顯著; 低相似度
523,length_mismatch,Unknown,8,62,12.79,P-code行數差異顯著; 低相似度
985,selfrel_offset31,Unknown,10,12,37.98,低相似度
213,__libc_atfork_freemem,Unknown,121,127,14.24,低相似度
227,__libc_write,Unknown,85,102,23.19,低相似度
621,known_compare,Unknown,4,230,2.00,P-code行數差異顯著; 低相似度
923,_dl_sym,Unknown,2,167,0.87,P-code行數差異顯著; 低相似度
216,__chdir,Unknown,9,15,26.57,P-code行數差異顯著; 低相似度
176,aligned_alloc,Unknown,40,162,11.55,P-code行數差異顯著; 低相似度
1011,__restore_core_regs,Unknown,1,5,18.43,P-code行數差異顯著; 低相似度
957,__sync_xor_and_fetch_4,Unknown,11,47,18.10,P-code行數差異顯著; 低相似度
551,_dl_strtoul,Unknown,179,27,4.69,P-code行數差異顯著; 低相似度
1020,__gnu_Unwind_Restore_WMMXC,Unknown,9,19,15.48,P-code行數差異顯著; 低相似度
465,__libc_scratch_buffer_grow_preserve,Unknown,60,746,4.02,P-code行數差異顯著; 低相似度
215,__sleep,Unknown,61,119,21.45,P-code行數差異顯著; 低相似度
733,_IO_wfile_underflow_maybe_mmap,Unknown,12,1826,1.04,P-code行數差異顯著; 低相似度
16,attack_gre_ip,Unknown,1496,2,0.23,P-code行數差異顯著; 低相似度
46,establish_connection,Unknown,61,24,18.38,P-code行數差異顯著; 低相似度
357,_IO_new_file_fopen,Unknown,1445,96,1.83,P-code行數差異顯著; 低相似度
257,__malloc_thp_mode,Unknown,89,63,19.29,P-code行數差異顯著; 低相似度
680,__printf_fphex_buffer,Unknown,2156,116,3.52,P-code行數差異顯著; 低相似度
618,__gconv_lookup_cache,Unknown,503,41,0.87,P-code行數差異顯著; 低相似度
520,_dl_signal_error,Unknown,53,38,20.75,P-code行數差異顯著; 低相似度
218,__libc_fcntl,Unknown,24,20,24.24,低相似度
800,do_dlsym,Unknown,19,27,22.71,P-code行數差異顯著; 低相似度
1027,next_unwind_byte,Unknown,35,187,8.82,P-code行數差異顯著; 低相似度
1016,__gnu_Unwind_Restore_VFP_D_16_to_31,Unknown,1,65,0.34,P-code行數差異顯著; 低相似度
667,__printf_buffer_puts_1,Unknown,91,5,5.54,P-code行數差異顯著; 低相似度
48,ensure_single_instance,Unknown,235,764,10.46,P-code行數差異顯著; 低相似度
249,__sbrk,Unknown,75,195,16.78,P-code行數差異顯著; 低相似度
122,__lll_lock_wake,Unknown,2,4,42.35,P-code行數差異顯著; 低相似度
715,_IO_wdoallocbuf,Unknown,57,155,14.46,P-code行數差異顯著; 低相似度
94,__bsd_signal,Unknown,79,40,6.74,P-code行數差異顯著; 低相似度
853,__fdopendir,Unknown,82,36,23.46,P-code行數差異顯著; 低相似度
436,_IO_str_init_static_internal,Unknown,50,88,7.92,P-code行數差異顯著; 低相似度
434,_IO_list_resetlock,Unknown,17,24,7.03,P-code行數差異顯著; 低相似度
898,___dlmopen,Unknown,18,14,28.52,P-code行數差異顯著; 低相似度
173,__malloc_arena_thread_freeres,Unknown,460,180,8.31,P-code行數差異顯著; 低相似度
250,__select64,Unknown,325,23,5.67,P-code行數差異顯著; 低相似度
378,flush_cleanup,Unknown,265,5,2.26,P-code行數差異顯著; 低相似度
834,__mpn_mul_n,Unknown,28,7,13.98,P-code行數差異顯著; 低相似度
269,__setsockopt,Unknown,25,14,43.48,P-code行數差異顯著; 低相似度
538,decompose_rpath,Unknown,247,136,12.39,P-code行數差異顯著; 低相似度
430,_IO_iter_next,Unknown,3,210,2.81,P-code行數差異顯著; 低相似度
204,__readdir,Unknown,49,319,9.51,P-code行數差異顯著; 低相似度
192,strlen,Unknown,72,25,10.75,P-code行數差異顯著; 低相似度
863,call_dl_init,Unknown,15,42,9.58,P-code行數差異顯著; 低相似度
372,_IO_file_close,Unknown,4,98,6.10,P-code行數差異顯著; 低相似度
6,_IO_stdfiles_init,Unknown,23,2,15.40,P-code行數差異顯著; 低相似度
1028,unwind_UCB_from_context,Unknown,6,32,16.77,P-code行數差異顯著; 低相似度
786,__getcwd,Unknown,3536,17,0.25,P-code行數差異顯著; 低相似度
242,__get_phys_pages,Unknown,36,11,11.55,P-code行數差異顯著; 低相似度
303,_dl_aux_init,Unknown,438,11,2.05,P-code行數差異顯著; 低相似度
913,_dl_call_fini,Unknown,102,178,13.20,P-code行數差異顯著; 低相似度
13,attack_app_proxy,Unknown,1,2,34.84,P-code行數差異顯著; 低相似度
142,alloc_perturb,Unknown,12,4,39.19,P-code行數差異顯著; 低相似度
546,do_lookup_x,Unknown,2202,11,0.34,P-code行數差異顯著; 低相似度
61,table_retrieve_val,Unknown,17,164,6.57,P-code行數差異顯著; 低相似度
426,_IO_default_showmanyc,Unknown,2,306,1.02,P-code行數差異顯著; 低相似度
285,_dl_allocate_tls_storage,Unknown,154,11,6.44,P-code行數差異顯著; 低相似度
634,transcmp,Unknown,60,4,9.86,P-code行數差異顯著; 低相似度
794,_dl_make_stacks_executable,Unknown,402,18,3.70,P-code行數差異顯著; 低相似度
313,__ctype_b_loc,Unknown,9,83,11.39,P-code行數差異顯著; 低相似度
125,__pthread_kill_internal,Unknown,88,126,18.46,P-code行數差異顯著; 低相似度
425,_IO_default_write,Unknown,2,197,1.50,P-code行數差異顯著; 低相似度
875,_dl_check_all_versions,Unknown,21,1636,1.05,P-code行數差異顯著; 低相似度
478,__wcrtomb_internal,Unknown,321,1,0.30,P-code行數差異顯著; 低相似度
96,__sigaction,Unknown,26,9,22.15,P-code行數差異顯著; 低相似度
234,__cp_stat64_t64_stat64,Unknown,191,3,2.07,P-code行數差異顯著; 低相似度
980,__sync_lock_test_and_set_1,Unknown,24,82,4.13,P-code行數差異顯著; 低相似度
71,util_itoa,Unknown,61,17,5.37,P-code行數差異顯著; 低相似度
446,__pthread_disable_asynccancel,Unknown,45,29,23.98,P-code行數差異顯著; 低相似度
841,__printf_buffer_as_file_xsputn,Unknown,34,8,19.82,P-code行數差異顯著; 低相似度
1004,_Unwind_SetGR,Unknown,5,4,34.55,低相似度
982,__sync_lock_release_4,Unknown,6,18,3.93,P-code行數差異顯著; 低相似度
669,__printf_buffer_flush_to_file,Unknown,297,45,4.83,P-code行數差異顯著; 低相似度
642,alias_compare,Unknown,12,966,1.80,P-code行數差異顯著; 低相似度
968,__sync_and_and_fetch_1,Unknown,27,6773,0.26,P-code行數差異顯著; 低相似度
710,_IO_wdefault_pbackfail,Unknown,134,332,22.71,P-code行數差異顯著; 低相似度
785,__readdir64,Unknown,205,205,14.47,低相似度
1023,___Unwind_Resume,Unknown,6,35,9.97,P-code行數差異顯著; 低相似度
773,strcspn,Unknown,144,190,18.05,P-code行數差異顯著; 低相似度
27,attack_tcp_syn,Unknown,1571,20,0.66,P-code行數差異顯著; 低相似度
617,__gconv_compare_alias_cache,Unknown,36,51,24.16,P-code行數差異顯著; 低相似度
508,__tsearch,Unknown,119,5,5.55,P-code行數差異顯著; 低相似度
584,__gconv_release_step,Unknown,85,136,30.11,P-code行數差異顯著; 低相似度
454,___pthread_mutex_lock,Unknown,1236,71,0.83,P-code行數差異顯著; 低相似度
558,_dl_dprintf,Unknown,8,34,28.04,P-code行數差異顯著; 低相似度
338,printf_positional,Unknown,2957,35,0.50,P-code行數差異顯著; 低相似度
139,_dl_tunable_set_mxfast,Unknown,26,2,10.06,P-code行數差異顯著; 低相似度
130,_dl_tunable_set_mmaps_max,Unknown,15,10,32.67,P-code行數差異顯著; 低相似度
927,__aeabi_cdrcmple,Unknown,2,2856,0.04,P-code行數差異顯著; 低相似度
757,__futex_lock_pi64,Unknown,41,726,6.18,P-code行數差異顯著; 低相似度
43,main,Unknown,2990,12,0.43,P-code行數差異顯著; 低相似度
63,toggle_obf,Unknown,78,2045,3.09,P-code行數差異顯著; 低相似度
383,_IO_switch_to_main_get_area,Unknown,24,32,8.86,P-code行數差異顯著; 低相似度
405,_IO_default_sync,Unknown,2,69,2.70,P-code行數差異顯著; 低相似度
664,__printf_buffer_done,Unknown,63,386,7.00,P-code行數差異顯著; 低相似度
759,__nptl_stack_list_add,Unknown,58,25,16.77,P-code行數差異顯著; 低相似度
854,__rewinddir,Unknown,58,38,16.73,P-code行數差異顯著; 低相似度
367,_IO_file_seekoff_maybe_mmap,Unknown,34,63,13.64,P-code行數差異顯著; 低相似度
1,_init,Unknown,2,12,15.77,P-code行數差異顯著; 低相似度
557,_dl_debug_printf_c,Unknown,15,36,18.39,P-code行數差異顯著; 低相似度
825,__mpn_cmp,Unknown,26,31,44.32,低相似度
822,_nl_load_locale,Unknown,529,104,3.75,P-code行數差異顯著; 低相似度
164,_int_realloc,Unknown,538,129,10.57,P-code行數差異顯著; 低相似度
977,__sync_synchronize,Unknown,4,21,14.65,P-code行數差異顯著; 低相似度
1008,__aeabi_unwind_cpp_pr1,Unknown,2,5,53.12,P-code行數差異顯著
755,__futex_abstimed_wait64,Unknown,61,180,10.48,P-code行數差異顯著; 低相似度
542,_dl_map_object_from_fd,Unknown,1992,54,1.48,P-code行數差異顯著; 低相似度
492,__sched_getparam,Unknown,8,15,33.33,P-code行數差異顯著; 低相似度
820,_nl_archive_subfreeres,Unknown,174,450,12.39,P-code行數差異顯著; 低相似度
184,__malloc_stats,Unknown,546,52,6.79,P-code行數差異顯著; 低相似度
451,_dl_tunable_set_stack_hugetlb,Unknown,13,80,20.95,P-code行數差異顯著; 低相似度
904,___dlsym,Unknown,40,249,10.04,P-code行數差異顯著; 低相似度
347,mmap_remap_check,Unknown,403,612,9.44,P-code行數差異顯著; 低相似度
712,_IO_wdefault_uflow,Unknown,39,9,26.11,P-code行數差異顯著; 低相似度
336,outstring_converted_wide_string,Unknown,183,47,3.97,P-code行數差異顯著; 低相似度
532,open_path,Unknown,1541,23,1.07,P-code行數差異顯著; 低相似度
457,___pthread_mutex_unlock,Unknown,3,52,7.64,P-code行數差異顯著; 低相似度
150,ptmalloc_init,Unknown,713,14,1.86,P-code行數差異顯著; 低相似度
340,__vfprintf_internal,Unknown,430,132,15.61,P-code行數差異顯著; 低相似度
666,__printf_buffer_putc_1,Unknown,54,79,31.49,P-code行數差異顯著; 低相似度
599,__gconv_btwoc_ascii,Unknown,7,2010,0.36,P-code行數差異顯著; 低相似度
931,__aeabi_dcmple,Unknown,2,39,2.08,P-code行數差異顯著; 低相似度
553,_dl_new_object,Unknown,386,14,3.08,P-code行數差異顯著; 低相似度
232,__openat_nocancel,Unknown,30,529,3.09,P-code行數差異顯著; 低相似度
326,__strtoul,Unknown,17,1,5.25,P-code行數差異顯著; 低相似度
153,arena_get2,Unknown,5621,31,0.36,P-code行數差異顯著; 低相似度
758,__nptl_stack_list_del,Unknown,38,283,10.84,P-code行數差異顯著; 低相似度
404,_IO_no_init,Unknown,127,30,5.61,P-code行數差異顯著; 低相似度
116,__correctly_grouped_prefixmb,Unknown,120,5,3.74,P-code行數差異顯著; 低相似度
724,_IO_adjust_wcolumn,Unknown,18,15,20.79,低相似度
704,__getdelim,Unknown,503,23,0.87,P-code行數差異顯著; 低相似度
777,__wcslen,Unknown,32,18,36.59,P-code行數差異顯著; 低相似度
878,_dl_find_object_from_map,Unknown,43,80,28.04,P-code行數差異顯著; 低相似度
186,__posix_memalign,Unknown,35,71,18.52,P-code行數差異顯著; 低相似度
489,__nanosleep64,Unknown,21,65,16.34,P-code行數差異顯著; 低相似度
636,__dcigettext,Unknown,4424,3318,2.24,P-code行數差異顯著; 低相似度
698,__get_errlist,Unknown,20,825,2.21,P-code行數差異顯著; 低相似度
725,_IO_init_wmarker,Unknown,37,104,24.06,P-code行數差異顯著; 低相似度
732,_IO_wfile_underflow_mmap,Unknown,182,53,8.14,P-code行數差異顯著; 低相似度
133,_dl_tunable_set_trim_threshold,Unknown,13,5,40.44,P-code行數差異顯著; 低相似度
1040,_fini,Unknown,1,45,0.69,P-code行數差異顯著; 低相似度
26,free_opts,Unknown,20,17,5.11,低相似度
855,__sysconf,Unknown,1367,24,0.83,P-code行數差異顯著; 低相似度
332,_itoa,Unknown,785,44,2.52,P-code行數差異顯著; 低相似度
456,__pthread_mutex_unlock_usercnt,Unknown,312,2,1.07,P-code行數差異顯著; 低相似度
134,_dl_tunable_set_arena_max,Unknown,9,4,42.08,P-code行數差異顯著; 低相似度
316,__ctype_init,Unknown,44,26,12.28,P-code行數差異顯著; 低相似度
1012,__gnu_Unwind_Restore_VFP,Unknown,2,98,1.61,P-code行數差異顯著; 低相似度
37,killer_init,Unknown,663,950,6.41,P-code行數差異顯著; 低相似度
182,__libc_mallinfo2,Unknown,271,209,13.78,P-code行數差異顯著; 低相似度
1021,__gnu_Unwind_Save_WMMXC,Unknown,9,36,19.35,P-code行數差異顯著; 低相似度
59,table_unlock_val,Unknown,4,455,0.72,P-code行數差異顯著; 低相似度
121,__lll_lock_wake_private,Unknown,2,29,6.09,P-code行數差異顯著; 低相似度
141,int_mallinfo,Unknown,176,67,11.63,P-code行數差異顯著; 低相似度
420,_IO_unsave_markers,Unknown,39,7,16.41,P-code行數差異顯著; 低相似度
344,_IO_fwrite,Unknown,288,32,5.69,P-code行數差異顯著; 低相似度
252,__mremap,Unknown,22,220,5.52,P-code行數差異顯著; 低相似度
860,_dl_close_worker,Unknown,11610,37,0.19,P-code行數差異顯著; 低相似度
14,attack_app_http,Unknown,27803,2,0.01,P-code行數差異顯著; 低相似度
490,__nanosleep,Unknown,63,163,15.12,P-code行數差異顯著; 低相似度
569,_dl_setup_hash,Unknown,135,316,16.66,P-code行數差異顯著; 低相似度
876,_dl_unmap,Unknown,9,1478,0.95,P-code行數差異顯著; 低相似度
147,unlink_chunk,Unknown,162,14,8.55,P-code行數差異顯著; 低相似度
7,_start,Unknown,15,2,26.21,P-code行數差異顯著; 低相似度
76,util_isupper,Unknown,12,811,1.09,P-code行數差異顯著; 低相似度
694,__wprintf_buffer_putc_1,Unknown,54,11,21.74,P-code行數差異顯著; 低相似度
111,__strtol,Unknown,17,24,29.76,P-code行數差異顯著; 低相似度
97,__libc_sigaction,Unknown,153,13,5.46,P-code行數差異顯著; 低相似度
691,__register_printf_type,Unknown,215,44,5.49,P-code行數差異顯著; 低相似度
410,_IO_adjust_column,Unknown,17,503,3.81,P-code行數差異顯著; 低相似度
44,anti_gdb_entry,Unknown,6,6,26.28,低相似度
187,memcmp,Unknown,530,497,17.93,低相似度
317,__sigsetjmp,Unknown,158,11,2.89,P-code行數差異顯著; 低相似度
908,__libc_dlerror_result_free,Unknown,71,77,28.94,低相似度
483,__wcsmbs_named_conv,Unknown,67,68,21.84,低相似度
415,_IO_init_marker,Unknown,34,64,27.22,P-code行數差異顯著; 低相似度
359,_IO_new_file_underflow,Unknown,945,8,0.40,P-code行數差異顯著; 低相似度
808,__libc_dlclose,Unknown,30,180,4.56,P-code行數差異顯著; 低相似度
1001,_Unwind_VRS_Get,Unknown,17,78,15.98,P-code行數差異顯著; 低相似度
869,_dl_show_scope,Unknown,257,464,10.45,P-code行數差異顯著; 低相似度
965,__sync_add_and_fetch_1,Unknown,27,142,3.14,P-code行數差異顯著; 低相似度
926,__cmpdf2,Unknown,55,15,4.54,P-code行數差異顯著; 低相似度
102,__default_sa_restorer,Unknown,4,292,1.79,P-code行數差異顯著; 低相似度
284,_dl_get_tls_static_info,Unknown,22,11,16.72,P-code行數差異顯著; 低相似度
477,strstr,Unknown,217,2,1.34,P-code行數差異顯著; 低相似度
452,__pthread_tunables_init,Unknown,23,80,25.92,P-code行數差異顯著; 低相似度
754,__pthread_cleanup_pop,Unknown,20,34,7.43,P-code行數差異顯著; 低相似度
837,__mpn_submul_1,Unknown,43,42,16.48,低相似度
845,__wprintf_buffer_done,Unknown,64,86,24.51,P-code行數差異顯著; 低相似度
276,__inet_addr,Unknown,9,26,39.73,P-code行數差異顯著; 低相似度
840,__printf_buffer_as_file_overflow,Unknown,81,2083,4.19,P-code行數差異顯著; 低相似度
168,__malloc_fork_unlock_parent,Unknown,89,260,17.12,P-code行數差異顯著; 低相似度
738,_IO_fwide,Unknown,282,271,23.66,低相似度
765,___pthread_rwlock_unlock,Unknown,208,42,13.05,P-code行數差異顯著; 低相似度
515,__chk_fail,Unknown,8,140,2.90,P-code行數差異顯著; 低相似度
23,attack_get_opt_int,Unknown,7,305,1.39,P-code行數差異顯著; 低相似度
77,util_isalpha,Unknown,18,16,11.69,低相似度
351,_IO_file_open,Unknown,143,59,26.40,P-code行數差異顯著; 低相似度
462,__init_sched_fifo_prio,Unknown,15,528,3.66,P-code行數差異顯著; 低相似度
891,__dlclose,Unknown,12,98,11.65,P-code行數差異顯著; 低相似度
10,register_tm_clones,Unknown,25,2,14.98,P-code行數差異顯著; 低相似度
851,strspn,Unknown,155,247,14.73,P-code行數差異顯著; 低相似度
550,_dl_higher_prime_number,Unknown,29,18,19.45,P-code行數差異顯著; 低相似度
842,__printf_buffer_as_file_init,Unknown,47,50,17.69,低相似度
568,_dl_scope_free,Unknown,118,7,7.34,P-code行數差異顯著; 低相似度
647,_nl_normalize_codeset,Unknown,149,1416,5.44,P-code行數差異顯著; 低相似度
779,__wmemchr,Unknown,59,35,26.45,P-code行數差異顯著; 低相似度
665,__printf_buffer_pad_1,Unknown,86,97,22.34,低相似度
256,__malloc_default_thp_pagesize,Unknown,42,63,16.97,P-code行數差異顯著; 低相似度
722,_IO_sputbackwc,Unknown,54,349,12.97,P-code行數差異顯著; 低相似度
888,__mpn_addmul_1,Unknown,39,296,9.90,P-code行數差異顯著; 低相似度
175,__libc_memalign,Unknown,16,583,3.71,P-code行數差異顯著; 低相似度
300,__tunable_get_default,Unknown,35,11,20.14,P-code行數差異顯著; 低相似度
85,__aeabi_ldiv0,Unknown,2,32,7.43,P-code行數差異顯著; 低相似度
211,__run_prefork_handlers,Unknown,295,46,2.15,P-code行數差異顯著; 低相似度
435,enlarge_userbuf,Unknown,236,24,11.62,P-code行數差異顯著; 低相似度
123,__nptl_deallocate_tsd,Unknown,104,4,3.99,P-code行數差異顯著; 低相似度
67,util_strcpy,Unknown,5,9,19.25,P-code行數差異顯著; 低相似度
221,__fstatat64_time64,Unknown,290,36,3.30,P-code行數差異顯著; 低相似度
632,__dcgettext,Unknown,2,44,9.54,P-code行數差異顯著; 低相似度
711,_IO_wdefault_finish,Unknown,41,5,6.28,P-code行數差異顯著; 低相似度
103,__default_rt_sa_restorer,Unknown,3,515,0.98,P-code行數差異顯著; 低相似度
295,tunable_initialize,Unknown,32,45,19.17,P-code行數差異顯著; 低相似度
342,__parse_one_specmb,Unknown,1039,217,3.16,P-code行數差異顯著; 低相似度
750,___vsnprintf,Unknown,36,15,16.95,P-code行數差異顯著; 低相似度
919,_dl_addr,Unknown,430,157,11.20,P-code行數差異顯著; 低相似度
949,__sync_fetch_and_or_1,Unknown,26,116,7.26,P-code行數差異顯著; 低相似度
643,read_alias_file,Unknown,954,149,7.37,P-code行數差異顯著; 低相似度
280,_dl_allocate_tls_init,Unknown,5,14,41.39,P-code行數差異顯著; 低相似度
341,__get_errname,Unknown,23,40,20.11,P-code行數差異顯著; 低相似度
811,__gconv,Unknown,265,66,11.55,P-code行數差異顯著; 低相似度
693,__translated_number_width,Unknown,66,132,19.59,P-code行數差異顯著; 低相似度
852,_nl_cleanup_time,Unknown,21,33,11.71,P-code行數差異顯著; 低相似度
518,fatal_error,Unknown,79,12,9.02,P-code行數差異顯著; 低相似度
961,__sync_or_and_fetch_2,Unknown,30,74,12.29,P-code行數差異顯著; 低相似度
394,_IO_default_xsputn,Unknown,119,255,14.17,P-code行數差異顯著; 低相似度
398,_IO_default_seekpos,Unknown,23,285,8.48,P-code行數差異顯著; 低相似度
749,__vsnprintf_internal,Unknown,35,28,10.50,低相似度
222,__fstatat64,Unknown,11,23,24.58,P-code行數差異顯著; 低相似度
371,_IO_file_close_mmap,Unknown,16,146,5.61,P-code行數差異顯著; 低相似度
718,_IO_free_wbackup_area,Unknown,41,102,26.50,P-code行數差異顯著; 低相似度
649,__gettext_free_exp,Unknown,28,20,32.22,P-code行數差異顯著; 低相似度
286,_dl_allocate_tls,Unknown,48,80,32.74,P-code行數差異顯著; 低相似度
526,_dl_exception_create_format,Unknown,296,12,4.30,P-code行數差異顯著; 低相似度
152,new_heap,Unknown,34,9,21.23,P-code行數差異顯著; 低相似度
801,do_dlvsym,Unknown,22,29,27.23,P-code行數差異顯著; 低相似度
730,_IO_wdo_write,Unknown,144,95,19.75,P-code行數差異顯著; 低相似度
1026,___Unwind_Backtrace,Unknown,6,10,45.43,P-code行數差異顯著; 低相似度
503,__mmap64,Unknown,47,19,8.54,P-code行數差異顯著; 低相似度
467,__libc_dynarray_at_failure,Unknown,9,28,11.19,P-code行數差異顯著; 低相似度
590,__gconv_get_path,Unknown,1177,152,1.46,P-code行數差異顯著; 低相似度
843,__printf_buffer_as_file_terminate,Unknown,11,5,27.06,P-code行數差異顯著; 低相似度
287,_dl_deallocate_tls,Unknown,55,197,18.22,P-code行數差異顯著; 低相似度
401,_IO_init,Unknown,82,28,9.62,P-code行數差異顯著; 低相似度
417,_IO_marker_difference,Unknown,6,157,7.27,P-code行數差異顯著; 低相似度
437,_IO_str_init_static,Unknown,52,40,18.29,P-code行數差異顯著; 低相似度
527,_dl_exception_free,Unknown,10,12,17.91,低相似度
916,call_init,Unknown,241,217,5.10,低相似度
136,_dl_tunable_set_tcache_max,Unknown,31,18,37.91,P-code行數差異顯著; 低相似度
823,_nl_unload_locale,Unknown,36,101,15.37,P-code行數差異顯著; 低相似度
18,attack_init,Unknown,122,2,2.07,P-code行數差異顯著; 低相似度
752,__libc_alloca_cutoff,Unknown,14,164,12.37,P-code行數差異顯著; 低相似度
247,__mprotect,Unknown,9,63,17.82,P-code行數差異顯著; 低相似度
870,dl_open_worker_begin,Unknown,4167,12,0.22,P-code行數差異顯著; 低相似度
695,__wprintf_buffer_flush_to_file,Unknown,79,712,4.35,P-code行數差異顯著; 低相似度
986,search_EIT_table,Unknown,44,27,21.74,P-code行數差異顯著; 低相似度
458,__pthread_cleanup_combined_routine_voidptr,Unknown,18,2,10.89,P-code行數差異顯著; 低相似度
507,maybe_split_for_insert,Unknown,196,230,11.06,低相似度
865,add_to_global_resize_failure,Unknown,11,697,1.36,P-code行數差異顯著; 低相似度
485,__wcsrtombs,Unknown,683,15,0.56,P-code行數差異顯著; 低相似度
422,_IO_default_seek,Unknown,2,21,3.15,P-code行數差異顯著; 低相似度
42,mem_exists,Unknown,36,23,18.00,P-code行數差異顯著; 低相似度
73,util_stristr,Unknown,47,47,29.71,低相似度
86,call_fini,Unknown,27,29,20.88,低相似度
967,__sync_or_and_fetch_1,Unknown,27,37,31.64,P-code行數差異顯著; 低相似度
299,__tunables_print,Unknown,89,63,20.77,P-code行數差異顯著; 低相似度
677,__printf_buffer_flush_fp_to_wide,Unknown,83,13,8.43,P-code行數差異顯著; 低相似度
271,htonl,Unknown,11,26,13.10,P-code行數差異顯著; 低相似度
396,_IO_default_xsgetn,Unknown,76,15,6.97,P-code行數差異顯著; 低相似度
629,setlocale,Unknown,3992,25,0.45,P-code行數差異顯著; 低相似度
921,do_sym,Unknown,372,889,11.02,P-code行數差異顯著; 低相似度
933,__aeabi_dcmpgt,Unknown,2,8,24.38,P-code行數差異顯著; 低相似度
644,_nl_expand_alias,Unknown,373,533,14.67,P-code行數差異顯著; 低相似度
149,_int_free_create_chunk,Unknown,84,9,11.45,P-code行數差異顯著; 低相似度
1025,___Unwind_ForcedUnwind,Unknown,6,88,5.14,P-code行數差異顯著; 低相似度
707,_IO_switch_to_main_wget_area,Unknown,26,219,10.49,P-code行數差異顯著; 低相似度
769,__memrchr,Unknown,124,53,16.30,P-code行數差異顯著; 低相似度
322,__unsetenv,Unknown,219,151,20.36,P-code行數差異顯著; 低相似度
517,__readonly_area,Unknown,249,97,14.78,P-code行數差異顯著; 低相似度
1019,__gnu_Unwind_Save_WMMXD,Unknown,33,30,21.87,低相似度
685,__register_printf_modifier,Unknown,286,127,7.36,P-code行數差異顯著; 低相似度
662,__grouping_iterator_init,Unknown,89,4287,0.56,P-code行數差異顯著; 低相似度
471,strchr,Unknown,11,52,8.48,P-code行數差異顯著; 低相似度
984,__sync_lock_release_1,Unknown,6,17,3.35,P-code行數差異顯著; 低相似度
511,__twalk,Unknown,8,103,7.77,P-code行數差異顯著; 低相似度
278,_dl_debug_update,Unknown,45,40,21.44,低相似度
793,__tcgetattr,Unknown,84,52,7.98,P-code行數差異顯著; 低相似度
719,__wuflow,Unknown,155,160,27.26,低相似度
418,_IO_marker_delta,Unknown,25,35,21.88,P-code行數差異顯著; 低相似度
768,__argz_create_sep,Unknown,50,68,22.27,P-code行數差異顯著; 低相似度
392,_IO_default_underflow,Unknown,2,167,1.80,P-code行數差異顯著; 低相似度
41,memory_scan_match,Unknown,148,65,12.51,P-code行數差異顯著; 低相似度
562,relocate_pc24,Unknown,303,667,11.52,P-code行數差異顯著; 低相似度
690,__register_printf_function,Unknown,191,432,13.44,P-code行數差異顯著; 低相似度
480,__wcsmbs_getfct,Unknown,16,2,16.57,P-code行數差異顯著; 低相似度
321,__setenv,Unknown,26,2,9.57,P-code行數差異顯著; 低相似度
365,_IO_new_file_seekoff,Unknown,1209,43,2.06,P-code行數差異顯著; 低相似度
631,_nl_postload_ctype,Unknown,102,87,7.27,低相似度
910,__atomic_wide_counter_fetch_add_relaxed,Unknown,31,769,4.11,P-code行數差異顯著; 低相似度
320,__add_to_environ,Unknown,751,2,0.42,P-code行數差異顯著; 低相似度
894,dlinfo_doit,Unknown,37,186,16.27,P-code行數差異顯著; 低相似度
459,clear_once_control,Unknown,23,60,16.37,P-code行數差異顯著; 低相似度
762,__pthread_get_minstack,Unknown,28,45,17.32,P-code行數差異顯著; 低相似度
369,_IO_file_seek,Unknown,5,340,1.21,P-code行數差異顯著; 低相似度
510,__tdelete,Unknown,661,18,1.80,P-code行數差異顯著; 低相似度
917,_dl_init,Unknown,171,17,5.53,P-code行數差異顯著; 低相似度
230,__fcntl64_nocancel_adjusted,Unknown,58,4,10.86,P-code行數差異顯著; 低相似度
657,__qsort_r,Unknown,384,1,0.12,P-code行數差異顯著; 低相似度
956,__sync_and_and_fetch_4,Unknown,11,46,18.55,P-code行數差異顯著; 低相似度
381,_IO_link_in,Unknown,1843,613,10.42,P-code行數差異顯著; 低相似度
25,add_attack,Unknown,41,28,18.64,P-code行數差異顯著; 低相似度
315,__ctype_tolower_loc,Unknown,10,26,17.96,P-code行數差異顯著; 低相似度
308,check_one_fd,Unknown,101,62,17.05,P-code行數差異顯著; 低相似度
971,__sync_val_compare_and_swap_4,Unknown,15,137,11.44,P-code行數差異顯著; 低相似度
495,__sched_get_priority_min,Unknown,8,32,9.46,P-code行數差異顯著; 低相似度
829,__mpn_mul_1,Unknown,24,23,12.74,低相似度
181,__malloc_usable_size,Unknown,25,287,8.40,P-code行數差異顯著; 低相似度
678,__wprintf_fp_l_buffer,Unknown,90,20,8.24,P-code行數差異顯著; 低相似度
739,__libio_codecvt_out,Unknown,81,136,3.69,P-code行數差異顯著; 低相似度
386,_IO_free_backup_area,Unknown,30,134,13.09,P-code行數差異顯著; 低相似度
615,__gconv_get_cache,Unknown,7,129,6.37,P-code行數差異顯著; 低相似度
819,_nl_load_locale_from_archive,Unknown,4118,118,1.66,P-code行數差異顯著; 低相似度
180,__malloc_trim,Unknown,564,149,1.69,P-code行數差異顯著; 低相似度
411,_IO_flush_all,Unknown,1203,64,1.69,P-code行數差異顯著; 低相似度
244,__ioctl,Unknown,22,41,24.04,P-code行數差異顯著; 低相似度
1005,__gnu_Unwind_Backtrace,Unknown,239,8,4.35,P-code行數差異顯著; 低相似度
684,__printf_function_invoke,Unknown,52,4,9.26,P-code行數差異顯著; 低相似度
36,checksum_tcpudp,Unknown,57,698,5.39,P-code行數差異顯著; 低相似度
88,__libc_start_main_impl,Unknown,823,21,2.14,P-code行數差異顯著; 低相似度
591,insert_module,Unknown,121,574,11.15,P-code行數差異顯著; 低相似度
966,__sync_sub_and_fetch_1,Unknown,27,99,20.20,P-code行數差異顯著; 低相似度
339,__printf_buffer,Unknown,15739,176,0.38,P-code行數差異顯著; 低相似度
753,__pthread_cleanup_push,Unknown,20,645,2.82,P-code行數差異顯著; 低相似度
40,has_exe_access,Unknown,81,174,10.39,P-code行數差異顯著; 低相似度
198,__closedir,Unknown,22,25,26.34,低相似度
251,__select,Unknown,27,36,24.91,P-code行數差異顯著; 低相似度
17,attack_gre_eth,Unknown,2116,2,0.12,P-code行數差異顯著; 低相似度
463,__pthread_tpp_change_priority,Unknown,873,515,12.77,P-code行數差異顯著; 低相似度
368,_IO_file_read,Unknown,11,51,13.45,P-code行數差異顯著; 低相似度
525,_dl_exception_create,Unknown,73,245,10.11,P-code行數差異顯著; 低相似度
54,resolv_domain_to_hostname,Unknown,40,127,8.48,P-code行數差異顯著; 低相似度
992,unwind_phase2,Unknown,352,26,3.47,P-code行數差異顯著; 低相似度
301,__tunable_get_val,Unknown,66,63,32.22,低相似度
585,find_derivation,Unknown,3656,916,9.35,P-code行數差異顯著; 低相似度
178,__libc_pvalloc,Unknown,60,1424,3.65,P-code行數差異顯著; 低相似度
521,_dl_catch_exception,Unknown,55,124,18.26,P-code行數差異顯著; 低相似度
118,__libc_fatal,Unknown,8,28,25.34,P-code行數差異顯著; 低相似度
925,__ltdf2,Unknown,55,83,10.21,P-code行數差異顯著; 低相似度
1039,__gcc_personality_v0,Unknown,122,105,10.69,低相似度
174,__libc_realloc,Unknown,2336,117,1.92,P-code行數差異顯著; 低相似度
57,resolv_entries_free,Unknown,12,721,2.11,P-code行數差異顯著; 低相似度
391,_IO_doallocbuf,Unknown,78,973,4.21,P-code行數差異顯著; 低相似度
552,_dl_add_to_namespace_list,Unknown,109,14,8.80,P-code行數差異顯著; 低相似度
709,_IO_wsetb,Unknown,31,128,16.40,P-code行數差異顯著; 低相似度
514,__init_misc,Unknown,27,626,4.84,P-code行數差異顯著; 低相似度
672,__printf_buffer_write,Unknown,93,35,25.76,P-code行數差異顯著; 低相似度
306,_dl_audit_pltexit,Unknown,1,11,10.31,P-code行數差異顯著; 低相似度
589,__gconv_db_freemem,Unknown,82,188,10.45,P-code行數差異顯著; 低相似度
166,__glibc_morecore,Unknown,17,99,17.21,P-code行數差異顯著; 低相似度
444,_IO_str_finish,Unknown,15,39,34.64,P-code行數差異顯著; 低相似度
920,call_dl_lookup,Unknown,23,182,7.54,P-code行數差異顯著; 低相似度
681,__printf_fphex_l_buffer,Unknown,8,2404,0.50,P-code行數差異顯著; 低相似度
886,__rtld_static_init,Unknown,410,403,12.66,低相似度
22,attack_get_opt_str,Unknown,20,4,18.49,P-code行數差異顯著; 低相似度
479,__wcrtomb,Unknown,3,4,71.73,P-code行數差異顯著
1035,base_of_encoded_value,Unknown,29,16,14.00,P-code行數差異顯著; 低相似度
370,_IO_file_stat,Unknown,5,30,22.15,P-code行數差異顯著; 低相似度
498,__open64_nocancel,Unknown,23,40,7.88,P-code行數差異顯著; 低相似度
616,__gconv_load_cache,Unknown,424,112,10.87,P-code行數差異顯著; 低相似度
225,__readlink,Unknown,22,22,19.90,低相似度
487,__getdents64,Unknown,25,61,13.67,P-code行數差異顯著; 低相似度
74,util_local_addr,Unknown,51,40,15.55,P-code行數差異顯著; 低相似度
151,alloc_new_heap,Unknown,316,9,1.33,P-code行數差異顯著; 低相似度
1013,__gnu_Unwind_Save_VFP,Unknown,32,1,2.33,P-code行數差異顯著; 低相似度
69,util_zero,Unknown,16,92,7.82,P-code行數差異顯著; 低相似度
361,_IO_file_underflow_maybe_mmap,Unknown,32,15,19.81,P-code行數差異顯著; 低相似度
473,strncmp,Unknown,281,2,0.86,P-code行數差異顯著; 低相似度
548,_dl_sysdep_read_whole_file,Unknown,21,11,20.76,P-code行數差異顯著; 低相似度
524,_dl_error_free,Unknown,10,300,3.05,P-code行數差異顯著; 低相似度
673,hack_digit,Unknown,104,6,5.96,P-code行數差異顯著; 低相似度
104,atoi,Unknown,2,13,13.38,P-code行數差異顯著; 低相似度
600,__gconv_transform_internal_ucs4,Unknown,1734,1709,12.62,低相似度
84,__aeabi_idivmod,Unknown,6,14,30.05,P-code行數差異顯著; 低相似度
83,.divsi3_skip_div0_test,Unknown,106,66,2.25,P-code行數差異顯著; 低相似度
633,plural_eval,Unknown,20,20,45.92,低相似度
138,_dl_tunable_set_tcache_unsorted_limit,Unknown,9,2,24.77,P-code行數差異顯著; 低相似度
202,__alloc_dir,Unknown,54,104,15.29,P-code行數差異顯著; 低相似度
4,_Unwind_GetDataRelBase,Unknown,2,2,48.00,低相似度
731,_IO_wfile_underflow,Unknown,2738,101,1.70,P-code行數差異顯著; 低相似度
658,qsort,Unknown,3,2036,0.29,P-code行數差異顯著; 低相似度
131,_dl_tunable_set_top_pad,Unknown,14,10,42.30,P-code行數差異顯著; 低相似度
428,_IO_iter_begin,Unknown,7,26,29.45,P-code行數差異顯著; 低相似度
717,_IO_switch_to_wget_mode,Unknown,53,53,28.85,低相似度
128,__pthread_sigmask,Unknown,24,7,10.51,P-code行數差異顯著; 低相似度
352,_IO_new_file_attach,Unknown,144,13,5.15,P-code行數差異顯著; 低相似度
239,__get_nprocs_sched,Unknown,3,188,2.31,P-code行數差異顯著; 低相似度
661,__grouping_iterator_init_none,Unknown,8,1,2.53,P-code行數差異顯著; 低相似度
414,_IO_cleanup,Unknown,1547,142,1.92,P-code行數差異顯著; 低相似度
350,_IO_new_file_init,Unknown,22,66,28.36,P-code行數差異顯著; 低相似度
780,__wmemcpy,Unknown,4,73,2.01,P-code行數差異顯著; 低相似度
161,sysmalloc,Unknown,4950,9,0.18,P-code行數差異顯著; 低相似度
595,__gconv_read_conf,Unknown,721,5190,5.08,P-code行數差異顯著; 低相似度
824,__current_locale_name,Unknown,16,152,9.19,P-code行數差異顯著; 低相似度
611,__gconv_transform_internal_ucs2reverse,Unknown,5580,9,0.13,P-code行數差異顯著; 低相似度
469,__strerror_r,Unknown,41,31,14.93,P-code行數差異顯著; 低相似度
110,__strtol_internal,Unknown,18,24,34.05,P-code行數差異顯著; 低相似度
126,__pthread_kill,Unknown,7,7,46.52,低相似度
51,rand_next,Unknown,46,520,9.11,P-code行數差異顯著; 低相似度
641,_nl_unload_domain,Unknown,85,77,12.33,低相似度
1015,__gnu_Unwind_Save_VFP_D,Unknown,32,65,10.55,P-code行數差異顯著; 低相似度
771,__strcasecmp_l,Unknown,32,54,20.85,P-code行數差異顯著; 低相似度
329,__strtoul_l,Unknown,3,8,47.42,P-code行數差異顯著; 低相似度
767,__argz_add_sep,Unknown,59,182,16.96,P-code行數差異顯著; 低相似度
655,msort_with_tmp,Unknown,245,14976,1.08,P-code行數差異顯著; 低相似度
836,__mpn_sub_n,Unknown,134,8,0.77,P-code行數差異顯著; 低相似度
751,__fgets_unlocked,Unknown,61,22,24.19,P-code行數差異顯著; 低相似度
784,__clock_nanosleep,Unknown,69,2688,2.16,P-code行數差異顯著; 低相似度
1036,read_encoded_value_with_base,Unknown,35,166,11.42,P-code行數差異顯著; 低相似度
155,sysmalloc_mmap_fallback,Unknown,124,9,6.70,P-code行數差異顯著; 低相似度
998,__gnu_Unwind_Resume_or_Rethrow,Unknown,18,106,13.11,P-code行數差異顯著; 低相似度
675,__printf_buffer_flush_fp,Unknown,95,18,6.68,P-code行數差異顯著; 低相似度
1038,parse_lsda_header,Unknown,51,145,22.37,P-code行數差異顯著; 低相似度
488,_Fork,Unknown,41,65,18.01,P-code行數差異顯著; 低相似度
746,__printf_buffer_flush_snprintf,Unknown,58,191,13.77,P-code行數差異顯著; 低相似度
601,__gconv_transform_ucs4_internal,Unknown,2020,61,0.76,P-code行數差異顯著; 低相似度
382,_IO_least_marker,Unknown,24,31,34.45,P-code行數差異顯著; 低相似度
169,__malloc_fork_unlock_child,Unknown,147,35,13.15,P-code行數差異顯著; 低相似度
214,__setsid,Unknown,7,13,14.01,P-code行數差異顯著; 低相似度
911,__atomic_wide_counter_load_relaxed,Unknown,23,9,20.99,P-code行數差異顯著; 低相似度
432,_IO_list_lock,Unknown,139,518,18.60,P-code行數差異顯著; 低相似度
809,__dl_libc_freemem,Unknown,282,4,2.28,P-code行數差異顯著; 低相似度
627,new_composite_name,Unknown,245,217,9.08,低相似度
893,_dlerror_run,Unknown,358,127,9.67,P-code行數差異顯著; 低相似度
858,__getdtablesize,Unknown,9,48,6.64,P-code行數差異顯著; 低相似度
979,__sync_lock_test_and_set_2,Unknown,27,12,28.07,P-code行數差異顯著; 低相似度
60,table_lock_val,Unknown,4,101,3.73,P-code行數差異顯著; 低相似度
179,__libc_calloc,Unknown,1517,2205,10.67,P-code行數差異顯著; 低相似度
1017,__gnu_Unwind_Save_VFP_D_16_to_31,Unknown,32,80,8.19,P-code行數差異顯著; 低相似度
556,_dl_debug_printf,Unknown,15,38,17.58,P-code行數差異顯著; 低相似度
795,__nptl_change_stack_perm,Unknown,26,83,16.78,P-code行數差異顯著; 低相似度
68,util_memcpy,Unknown,23,182,9.92,P-code行數差異顯著; 低相似度
1024,___Unwind_Resume_or_Rethrow,Unknown,6,43,7.31,P-code行數差異顯著; 低相似度
938,__sync_fetch_and_and_4,Unknown,11,46,27.42,P-code行數差異顯著; 低相似度
325,__strtoul_internal,Unknown,18,13,21.21,P-code行數差異顯著; 低相似度
243,__get_avphys_pages,Unknown,36,50,23.87,P-code行數差異顯著; 低相似度
93,_setjmp,Unknown,4,52,4.38,P-code行數差異顯著; 低相似度
255,__sysinfo,Unknown,9,65,13.10,P-code行數差異顯著; 低相似度
872,_dl_sort_maps_init,Unknown,20,51,20.71,P-code行數差異顯著; 低相似度
101,sigaddset,Unknown,37,73,24.01,P-code行數差異顯著; 低相似度
267,__libc_send,Unknown,93,18,9.38,P-code行數差異顯著; 低相似度
201,__opendir,Unknown,32,327,6.03,P-code行數差異顯著; 低相似度
135,_dl_tunable_set_arena_test,Unknown,11,165,4.06,P-code行數差異顯著; 低相似度
193,clock,Unknown,21,42,14.26,P-code行數差異顯著; 低相似度
307,__libc_early_init,Unknown,105,62,27.36,P-code行數差異顯著; 低相似度
145,_dl_tunable_set_hugetlb,Unknown,44,51,11.47,低相似度
298,__tunables_init,Unknown,720,63,3.73,P-code行數差異顯著; 低相似度
91,__errno_location,Unknown,9,56,6.15,P-code行數差異顯著; 低相似度
52,rand_str,Unknown,34,595,6.41,P-code行數差異顯著; 低相似度
915,_dl_map_object_deps,Unknown,8310,318,1.43,P-code行數差異顯著; 低相似度
8,call_weak_fn,Unknown,12,2,34.98,P-code行數差異顯著; 低相似度
80,__udivsi3,Unknown,57,2,3.77,P-code行數差異顯著; 低相似度
439,_IO_str_overflow,Unknown,139,191,15.69,P-code行數差異顯著; 低相似度
778,__wcsnlen,Unknown,9,60,9.21,P-code行數差異顯著; 低相似度
294,do_tunable_update_val,Unknown,38,11,16.96,P-code行數差異顯著; 低相似度
944,__sync_fetch_and_and_2,Unknown,29,11,24.68,P-code行數差異顯著; 低相似度
587,__gconv_find_transform,Unknown,608,1009,13.46,P-code行數差異顯著; 低相似度
976,__sync_bool_compare_and_swap_1,Unknown,4,4,54.34,
889,__dladdr,Unknown,2,63,6.72,P-code行數差異顯著; 低相似度
281,_dl_tls_static_surplus_init,Unknown,64,14,5.76,P-code行數差異顯著; 低相似度
656,indirect_msort_with_tmp,Unknown,86,9041,0.50,P-code行數差異顯著; 低相似度
626,__gconv_dl_freemem,Unknown,15,79,8.92,P-code行數差異顯著; 低相似度
959,__sync_add_and_fetch_2,Unknown,30,50,17.97,P-code行數差異顯著; 低相似度
1007,__aeabi_unwind_cpp_pr0,Unknown,2,3,80.60,P-code行數差異顯著
581,derivation_compare,Unknown,16,45,22.59,P-code行數差異顯著; 低相似度
892,__dlerror,Unknown,540,60,4.62,P-code行數差異顯著; 低相似度
770,__stpcpy,Unknown,188,54,5.76,P-code行數差異顯著; 低相似度
273,inet_aton_end,Unknown,273,102,10.43,P-code行數差異顯著; 低相似度
258,__malloc_hugepage_config,Unknown,365,14,2.57,P-code行數差異顯著; 低相似度
199,opendir_tail,Unknown,67,184,13.69,P-code行數差異顯著; 低相似度
812,__gconv_close,Unknown,30,21,28.61,P-code行數差異顯著; 低相似度
496,__sched_setscheduler,Unknown,8,69,11.00,P-code行數差異顯著; 低相似度
951,__sync_fetch_and_xor_1,Unknown,26,26,15.82,低相似度
844,__printf_buffer_flush,Unknown,30,17,26.64,P-code行數差異顯著; 低相似度
387,__overflow,Unknown,39,4205,0.74,P-code行數差異顯著; 低相似度
210,__unregister_atfork,Unknown,248,203,6.43,低相似度
798,dlerror_run,Unknown,23,4,21.01,P-code行數差異顯著; 低相似度
162,_int_malloc,Unknown,14926,47,0.25,P-code行數差異顯著; 低相似度
106,__internal_atexit,Unknown,295,7,1.79,P-code行數差異顯著; 低相似度
579,free_derivation,Unknown,89,16,18.72,P-code行數差異顯著; 低相似度
509,__tfind,Unknown,25,4,21.10,P-code行數差異顯著; 低相似度
423,_IO_default_stat,Unknown,2,6,30.77,P-code行數差異顯著; 低相似度
245,__madvise,Unknown,9,11,24.49,P-code行數差異顯著; 低相似度
624,__gconv_find_shlib,Unknown,514,12,2.41,P-code行數差異顯著; 低相似度
309,__libc_check_standard_fds,Unknown,8,83,15.50,P-code行數差異顯著; 低相似度
236,next_line,Unknown,177,3,2.51,P-code行數差異顯著; 低相似度
356,_IO_new_file_close_it,Unknown,247,1,0.39,P-code行數差異顯著; 低相似度
259,__libc_accept,Unknown,95,14,10.69,P-code行數差異顯著; 低相似度
610,__gconv_transform_ucs2reverse_internal,Unknown,2856,15,0.40,P-code行數差異顯著; 低相似度
493,__sched_getscheduler,Unknown,8,340,2.44,P-code行數差異顯著; 低相似度
791,__stat64_time64,Unknown,2,496,0.83,P-code行數差異顯著; 低相似度
461,___pthread_once,Unknown,11,17,24.52,P-code行數差異顯著; 低相似度
504,trecurse,Unknown,38,1093,5.40,P-code行數差異顯著; 低相似度
275,__inet_aton_ignore_trailing,Unknown,4,20,29.49,P-code行數差異顯著; 低相似度
692,__snprintf,Unknown,6,8360,0.06,P-code行數差異顯著; 低相似度
760,__nptl_free_stacks,Unknown,139,26,16.37,P-code行數差異顯著; 低相似度
901,___dlopen,Unknown,16,319,2.49,P-code行數差異顯著; 低相似度
789,__lstat64,Unknown,9,1924,0.52,P-code行數差異顯著; 低相似度
403,_IO_old_init,Unknown,73,92,8.82,P-code行數差異顯著; 低相似度
974,__sync_bool_compare_and_swap_4,Unknown,6,496,1.02,P-code行數差異顯著; 低相似度
802,do_dlclose,Unknown,56,43,21.39,P-code行數差異顯著; 低相似度
816,_nl_find_locale,Unknown,2950,19,0.31,P-code行數差異顯著; 低相似度
253,__prctl,Unknown,8,14,31.28,P-code行數差異顯著; 低相似度
803,free_slotinfo,Unknown,32,43,18.48,P-code行數差異顯著; 低相似度
827,__mpn_lshift,Unknown,37,155,7.17,P-code行數差異顯著; 低相似度
87,__libc_start_call_main,Unknown,64,7,16.19,P-code行數差異顯著; 低相似度
233,__read_nocancel,Unknown,21,3,16.68,P-code行數差異顯著; 低相似度
761,__nptl_deallocate_stack,Unknown,296,26,12.56,P-code行數差異顯著; 低相似度
207,__getpid,Unknown,2,228,1.36,P-code行數差異顯著; 低相似度
334,_fitoa,Unknown,26,135,14.11,P-code行數差異顯著; 低相似度
937,__sync_fetch_and_or_4,Unknown,11,88,9.10,P-code行數差異顯著; 低相似度
645,__libc_localealias_freemem,Unknown,14,80,10.21,P-code行數差異顯著; 低相似度
260,__bind,Unknown,11,14,31.11,P-code行數差異顯著; 低相似度
997,__gnu_Unwind_Resume,Unknown,55,161,12.23,P-code行數差異顯著; 低相似度
676,__printf_fp_l_buffer,Unknown,144,467,9.58,P-code行數差異顯著; 低相似度
598,__gconv_get_builtin_trans,Unknown,132,100,13.36,P-code行數差異顯著; 低相似度
270,__socket,Unknown,11,204,2.41,P-code行數差異顯著; 低相似度
790,__libc_openat64,Unknown,109,144,10.57,P-code行數差異顯著; 低相似度
157,systrim,Unknown,134,7,6.25,P-code行數差異顯著; 低相似度
333,_fitoa_word,Unknown,23,13,14.14,P-code行數差異顯著; 低相似度
380,_IO_un_link,Unknown,9,86,5.36,P-code行數差異顯著; 低相似度
47,teardown_connection,Unknown,13,780,2.43,P-code行數差異顯著; 低相似度
620,__gconv_cache_freemem,Unknown,23,127,16.24,P-code行數差異顯著; 低相似度
756,__futex_abstimed_wait_cancelable64,Unknown,97,5,7.63,P-code行數差異顯著; 低相似度
838,__mpn_extract_double,Unknown,113,42,9.47,P-code行數差異顯著; 低相似度
950,__sync_fetch_and_and_1,Unknown,26,26,15.82,低相似度
55,resolv_skip_name,Unknown,35,34,21.09,低相似度
20,attack_parse,Unknown,132,2,1.72,P-code行數差異顯著; 低相似度
119,__lll_lock_wait_private,Unknown,34,24,16.26,P-code行數差異顯著; 低相似度
813,gconv_parse_code,Unknown,266,28,5.87,P-code行數差異顯著; 低相似度
159,_int_free_merge_chunk,Unknown,205,15,6.34,P-code行數差異顯著; 低相似度
265,__libc_recv,Unknown,93,29,16.89,P-code行數差異顯著; 低相似度
960,__sync_sub_and_fetch_2,Unknown,30,51,19.44,P-code行數差異顯著; 低相似度
183,__libc_mallinfo,Unknown,23,18,13.42,P-code行數差異顯著; 低相似度
1003,_Unwind_VRS_Set,Unknown,17,43,18.54,P-code行數差異顯著; 低相似度
208,__getppid,Unknown,2,228,1.36,P-code行數差異顯著; 低相似度
99,__kill,Unknown,8,9,23.59,低相似度
167,__malloc_fork_lock_parent,Unknown,90,233,12.74,P-code行數差異顯著; 低相似度
445,__pthread_enable_asynccancel,Unknown,98,105,20.94,低相似度
818,rangecmp,Unknown,4,207,2.67,P-code行數差異顯著; 低相似度
635,_nl_find_msg,Unknown,4613,4,0.14,P-code行數差異顯著; 低相似度
536,expand_dynamic_string_token,Unknown,158,40,12.25,P-code行數差異顯著; 低相似度
561,_dl_fatal_printf,Unknown,14,33,11.42,P-code行數差異顯著; 低相似度
686,__handle_registered_modifier_mb,Unknown,134,65,12.02,P-code行數差異顯著; 低相似度
1022,___Unwind_RaiseException,Unknown,6,33,14.77,P-code行數差異顯著; 低相似度
563,_dl_try_allocate_static_tls,Unknown,140,11,4.79,P-code行數差異顯著; 低相似度
864,dl_open_worker,Unknown,164,284,20.11,P-code行數差異顯著; 低相似度
262,__getsockname,Unknown,11,63,14.70,P-code行數差異顯著; 低相似度
353,_IO_new_file_setbuf,Unknown,20,690,3.71,P-code行數差異顯著; 低相似度
954,__sync_sub_and_fetch_4,Unknown,11,24,22.67,P-code行數差異顯著; 低相似度
143,munmap_chunk,Unknown,118,10,11.49,P-code行數差異顯著; 低相似度
735,_IO_wfile_sync,Unknown,206,65,9.92,P-code行數差異顯著; 低相似度
513,__tdestroy,Unknown,7,22,22.16,P-code行數差異顯著; 低相似度
406,_IO_default_finish,Unknown,40,13,14.86,P-code行數差異顯著; 低相似度
500,__write_nocancel,Unknown,21,8,10.54,P-code行數差異顯著; 低相似度
575,_dl_unload_cache,Unknown,19,7,38.18,P-code行數差異顯著; 低相似度
209,__register_atfork,Unknown,579,203,3.76,P-code行數差異顯著; 低相似度
115,__isoc23_strtol_l,Unknown,2,20,29.59,P-code行數差異顯著; 低相似度
522,_dl_catch_error,Unknown,10,13,36.43,P-code行數差異顯著; 低相似度
597,__gconv_conf_freemem,Unknown,18,458,1.92,P-code行數差異顯著; 低相似度
619,__gconv_release_cache,Unknown,11,11960,0.08,P-code行數差異顯著; 低相似度
783,__clock_nanosleep_time64,Unknown,40,165,7.90,P-code行數差異顯著; 低相似度
832,__mpn_impn_sqr_n_basecase,Unknown,66,13,14.86,P-code行數差異顯著; 低相似度
238,get_nproc_stat,Unknown,54,180,12.60,P-code行數差異顯著; 低相似度
349,_IO_new_file_init_internal,Unknown,22,45,31.25,P-code行數差異顯著; 低相似度
940,__sync_fetch_and_nand_4,Unknown,12,98,8.15,P-code行數差異顯著; 低相似度
427,_IO_default_imbue,Unknown,1,134,0.72,P-code行數差異顯著; 低相似度
932,__aeabi_dcmpge,Unknown,2,272,0.42,P-code行數差異顯著; 低相似度
100,sigemptyset,Unknown,28,36,24.23,P-code行數差異顯著; 低相似度
537,fillin_rpath,Unknown,325,456,9.07,P-code行數差異顯著; 低相似度
424,_IO_default_read,Unknown,2,79,3.47,P-code行數差異顯著; 低相似度
742,__libio_codecvt_length,Unknown,105,179,12.05,P-code行數差異顯著; 低相似度
288,_dl_tls_get_addr_soft,Unknown,82,33,17.45,P-code行數差異顯著; 低相似度
327,__isoc23_strtoul,Unknown,17,34,17.22,P-code行數差異顯著; 低相似度
28,attack_tcp_ack,Unknown,1744,12,0.75,P-code行數差異顯著; 低相似度
217,__close,Unknown,85,15,8.60,P-code行數差異顯著; 低相似度
702,__fopen_internal,Unknown,105,503,7.54,P-code行數差異顯著; 低相似度
737,_IO_wfile_xsputn,Unknown,117,101,14.30,低相似度
254,__set_vma_name,Unknown,34,75,27.13,P-code行數差異顯著; 低相似度
835,__mpn_rshift,Unknown,69,7,13.97,P-code行數差異顯著; 低相似度
528,is_dst,Unknown,57,321,11.51,P-code行數差異顯著; 低相似度
449,_dl_tunable_set_mutex_spin_count,Unknown,9,23,39.19,P-code行數差異顯著; 低相似度
120,__lll_lock_wait,Unknown,34,29,26.51,低相似度
868,_dl_open,Unknown,432,201,16.27,P-code行數差異顯著; 低相似度
15,attack_app_cfnull,Unknown,5661,2,0.06,P-code行數差異顯著; 低相似度
582,__gconv_get_modules_db,Unknown,7,173,5.21,P-code行數差異顯著; 低相似度
583,__gconv_get_alias_db,Unknown,7,95,5.31,P-code行數差異顯著; 低相似度
231,__open_nocancel,Unknown,22,529,3.68,P-code行數差異顯著; 低相似度
1029,__gnu_unwind_execute,Unknown,260,41,1.22,P-code行數差異顯著; 低相似度
763,___pthread_rwlock_init,Unknown,35,255,12.06,P-code行數差異顯著; 低相似度
197,__clock_gettime,Unknown,32,311,7.24,P-code行數差異顯著; 低相似度
484,_nl_cleanup_ctype,Unknown,35,64,27.04,P-code行數差異顯著; 低相似度
348,decide_maybe_mmap,Unknown,350,97,8.73,P-code行數差異顯著; 低相似度
988,get_eit_entry,Unknown,132,298,11.70,P-code行數差異顯著; 低相似度
376,_IO_file_xsgetn_mmap,Unknown,129,10,9.65,P-code行數差異顯著; 低相似度
947,__sync_fetch_and_add_1,Unknown,26,62,18.00,P-code行數差異顯著; 低相似度
81,__aeabi_uidivmod,Unknown,6,13,26.16,P-code行數差異顯著; 低相似度
512,__twalk_r,Unknown,7,14,42.58,P-code行數差異顯著; 低相似度
337,group_number,Unknown,115,66,25.78,P-code行數差異顯著; 低相似度
922,_dl_vsym,Unknown,70,905,1.66,P-code行數差異顯著; 低相似度
160,_int_free,Unknown,1435,103,4.25,P-code行數差異顯著; 低相似度
879,_dlfo_process_initial,Unknown,326,11,2.38,P-code行數差異顯著; 低相似度
431,_IO_iter_file,Unknown,1,12,6.75,P-code行數差異顯著; 低相似度
867,_dl_find_dso_for_object,Unknown,105,44,23.00,P-code行數差異顯著; 低相似度
170,__libc_malloc,Unknown,1374,910,11.82,P-code行數差異顯著; 低相似度
399,_IO_default_doallocate,Unknown,30,206,12.58,P-code行數差異顯著; 低相似度
682,__printf_buffer_flush_fphex_to_wide,Unknown,56,1316,5.54,P-code行數差異顯著; 低相似度
196,__clock_gettime64,Unknown,255,510,17.35,P-code行數差異顯著; 低相似度
560,_dl_error_printf,Unknown,10,173,4.88,P-code行數差異顯著; 低相似度
580,free_modules_db,Unknown,30,22,10.75,P-code行數差異顯著; 低相似度
90,__tls_get_addr,Unknown,12,110,8.41,P-code行數差異顯著; 低相似度
788,__lstat64_time64,Unknown,2,244,1.44,P-code行數差異顯著; 低相似度
849,__memmem,Unknown,186,286,10.67,P-code行數差異顯著; 低相似度
924,__gtdf2,Unknown,55,3899,1.58,P-code行數差異顯著; 低相似度
223,__libc_open,Unknown,89,23,13.17,P-code行數差異顯著; 低相似度
12,frame_dummy,Unknown,14,2,27.04,P-code行數差異顯著; 低相似度
402,_IO_enable_locks,Unknown,42,124,15.02,P-code行數差異顯著; 低相似度
689,__register_printf_specifier,Unknown,191,151,21.70,P-code行數差異顯著; 低相似度
683,__wprintf_fphex_l_buffer,Unknown,48,81,21.01,P-code行數差異顯著; 低相似度
310,__libc_init_first,Unknown,34,83,20.14,P-code行數差異顯著; 低相似度
140,malloc_printerr,Unknown,8,111,4.11,P-code行數差異顯著; 低相似度
464,__pthread_current_priority,Unknown,122,26,1.05,P-code行數差異顯著; 低相似度
429,_IO_iter_end,Unknown,2,122,1.37,P-code行數差異顯著; 低相似度
679,___printf_fp,Unknown,57,336,9.82,P-code行數差異顯著; 低相似度
796,_dl_fixup,Unknown,342,123,8.98,P-code行數差異顯著; 低相似度
817,_nl_remove_locale,Unknown,45,28,25.12,P-code行數差異顯著; 低相似度
470,__memchr,Unknown,117,67,6.87,P-code行數差異顯著; 低相似度
75,util_fdgets,Unknown,25,36,16.22,P-code行數差異顯著; 低相似度
846,__wprintf_buffer_flush,Unknown,106,5,6.39,P-code行數差異顯著; 低相似度
34,get_dns_resolver,Unknown,187,6235,1.19,P-code行數差異顯著; 低相似度
630,_nl_locale_subfreeres,Unknown,1834,6,0.37,P-code行數差異顯著; 低相似度
95,raise,Unknown,23,24,21.72,低相似度
814,__gconv_create_spec,Unknown,363,153,8.40,P-code行數差異顯著; 低相似度
190,memset,Unknown,121,209,16.39,P-code行數差異顯著; 低相似度
564,_dl_allocate_static_tls,Unknown,107,10,10.08,P-code行數差異顯著; 低相似度
65,util_strncmp,Unknown,31,78,18.32,P-code行數差異顯著; 低相似度
565,_dl_protect_relro,Unknown,67,10,9.30,P-code行數差異顯著; 低相似度
72,util_memsearch,Unknown,26,34,38.97,P-code行數差異顯著; 低相似度
559,_dl_printf,Unknown,10,189,3.07,P-code行數差異顯著; 低相似度
747,__printf_buffer_snprintf_init,Unknown,31,136,12.54,P-code行數差異顯著; 低相似度
850,__strndup,Unknown,13,24,24.67,P-code行數差異顯著; 低相似度
409,_IO_sungetc,Unknown,53,77,18.74,P-code行數差異顯著; 低相似度
614,find_module,Unknown,81,20,10.75,P-code行數差異顯著; 低相似度
450,_dl_tunable_set_stack_cache_size,Unknown,9,38,23.57,P-code行數差異顯著; 低相似度
653,__longjmp,Unknown,33,1,0.98,P-code行數差異顯著; 低相似度
706,_IO_least_wmarker,Unknown,28,9,26.38,P-code行數差異顯著; 低相似度
896,dlmopen_doit,Unknown,76,40,8.68,P-code行數差異顯著; 低相似度
948,__sync_fetch_and_sub_1,Unknown,26,18,21.94,P-code行數差異顯著; 低相似度
312,__libc_assert_fail,Unknown,13,62,9.76,P-code行數差異顯著; 低相似度
975,__sync_bool_compare_and_swap_2,Unknown,4,73,0.60,P-code行數差異顯著; 低相似度
191,__strchrnul,Unknown,58,688,2.94,P-code行數差異顯著; 低相似度
497,__lseek64,Unknown,28,29,14.61,低相似度
472,strcmp,Unknown,225,196,14.09,低相似度
953,__sync_add_and_fetch_4,Unknown,11,23,23.60,P-code行數差異顯著; 低相似度
890,__dladdr1,Unknown,13,87,11.57,P-code行數差異顯著; 低相似度
856,__lseek,Unknown,51,26,3.47,P-code行數差異顯著; 低相似度
274,__inet_aton_exact,Unknown,16,60,20.86,P-code行數差異顯著; 低相似度
714,_IO_wdefault_xsputn,Unknown,133,60,1.13,P-code行數差異顯著; 低相似度
384,_IO_switch_to_backup_area,Unknown,24,10,15.27,P-code行數差異顯著; 低相似度
804,__libc_dlopen_mode,Unknown,35,62,15.96,P-code行數差異顯著; 低相似度
674,__printf_fp_buffer_1,Unknown,12616,101,0.27,P-code行數差異顯著; 低相似度
443,_IO_str_pbackfail,Unknown,17,2,16.97,P-code行數差異顯著; 低相似度
3,_dl_start,Unknown,2,2,60.76,
799,do_dlsym_private,Unknown,38,57,19.16,P-code行數差異顯著; 低相似度
720,__wunderflow,Unknown,151,118,25.40,P-code行數差異顯著; 低相似度
946,__sync_fetch_and_nand_2,Unknown,30,299,3.85,P-code行數差異顯著; 低相似度
235,__brk,Unknown,8,3,36.67,P-code行數差異顯著; 低相似度
547,_dl_lookup_symbol_x,Unknown,3243,11,0.20,P-code行數差異顯著; 低相似度
745,__vasprintf,Unknown,3,7,47.37,P-code行數差異顯著; 低相似度
205,_exit,Unknown,22,1306,1.52,P-code行數差異顯著; 低相似度
955,__sync_or_and_fetch_4,Unknown,11,18,4.49,P-code行數差異顯著; 低相似度
324,__libc_setenv_freemem,Unknown,27,6,24.10,P-code行數差異顯著; 低相似度
721,_IO_wdefault_xsgetn,Unknown,93,22,15.67,P-code行數差異顯著; 低相似度
797,do_dlopen,Unknown,39,177,15.41,P-code行數差異顯著; 低相似度
272,htons,Unknown,4,171,2.26,P-code行數差異顯著; 低相似度
1006,__gnu_unwind_pr_common,Unknown,475,4,1.29,P-code行數差異顯著; 低相似度
716,_IO_wdefault_doallocate,Unknown,35,114,19.47,P-code行數差異顯著; 低相似度
419,_IO_seekmark,Unknown,67,19,20.04,P-code行數差異顯著; 低相似度
660,__funlockfile,Unknown,48,4246,0.62,P-code行數差異顯著; 低相似度
502,__getpagesize,Unknown,33,8,24.26,P-code行數差異顯著; 低相似度
654,do_swap,Unknown,116,854,5.29,P-code行數差異顯著; 低相似度
612,__gconv_transliterate,Unknown,441,11,2.16,P-code行數差異顯著; 低相似度
900,__dlopen,Unknown,18,54,17.38,P-code行數差異顯著; 低相似度
78,util_isspace,Unknown,14,198,1.55,P-code行數差異顯著; 低相似度
663,__grouping_iterator_next,Unknown,76,1,0.67,P-code行數差異顯著; 低相似度
993,unwind_phase2_forced,Unknown,283,509,0.07,P-code行數差異顯著; 低相似度
687,__handle_registered_modifier_wc,Unknown,113,3626,3.36,P-code行數差異顯著; 低相似度
895,__dlinfo,Unknown,16,101,9.88,P-code行數差異顯著; 低相似度
397,_IO_default_setbuf,Unknown,109,176,10.11,P-code行數差異顯著; 低相似度
442,_IO_str_seekoff,Unknown,320,80,17.17,P-code行數差異顯著; 低相似度
571,_dl_runtime_resolve,Unknown,10,49,6.42,P-code行數差異顯著; 低相似度
572,_dl_cache_libcmp,Unknown,99,47,16.24,P-code行數差異顯著; 低相似度
792,__stat64,Unknown,9,52,18.71,P-code行數差異顯著; 低相似度
19,attack_kill_all,Unknown,27,2,12.26,P-code行數差異顯著; 低相似度
283,_dl_count_modids,Unknown,60,40,21.50,P-code行數差異顯著; 低相似度
264,__listen,Unknown,8,14,24.13,P-code行數差異顯著; 低相似度
639,_nl_finddomain_subfreeres,Unknown,32,319,7.18,P-code行數差異顯著; 低相似度
981,__sync_lock_release_8,Unknown,12,22,4.70,P-code行數差異顯著; 低相似度
163,tcache_init,Unknown,143,37,18.49,P-code行數差異顯著; 低相似度
983,__sync_lock_release_2,Unknown,6,27,2.76,P-code行數差異顯著; 低相似度
703,_IO_new_fopen,Unknown,3,126,3.69,P-code行數差異顯著; 低相似度
859,remove_slotinfo,Unknown,201,50,11.38,P-code行數差異顯著; 低相似度
540,_dl_init_paths,Unknown,1101,42,2.64,P-code行數差異顯著; 低相似度
314,__ctype_toupper_loc,Unknown,10,83,12.86,P-code行數差異顯著; 低相似度
407,_IO_default_seekoff,Unknown,2,283,0.29,P-code行數差異顯著; 低相似度
903,__dlsym,Unknown,44,4,14.98,P-code行數差異顯著; 低相似度
177,__libc_valloc,Unknown,28,521,7.82,P-code行數差異顯著; 低相似度
861,_dl_close,Unknown,56,38,27.43,P-code行數差異顯著; 低相似度
360,_IO_file_underflow_mmap,Unknown,63,33,12.82,P-code行數差異顯著; 低相似度
970,__sync_nand_and_fetch_1,Unknown,28,164,13.14,P-code行數差異顯著; 低相似度
117,__libc_message_impl,Unknown,254,11,2.60,P-code行數差異顯著; 低相似度
114,__strtol_l,Unknown,3,20,30.51,P-code行數差異顯著; 低相似度
596,__gconv_load_conf,Unknown,11,4321,0.24,P-code行數差異顯著; 低相似度
744,__vasprintf_internal,Unknown,93,153,8.93,P-code行數差異顯著; 低相似度
989,restore_non_core_regs,Unknown,35,121,19.16,P-code行數差異顯著; 低相似度
237,read_sysfs_file,Unknown,86,257,10.04,P-code行數差異顯著; 低相似度
229,__fcntl64_nocancel,Unknown,52,113,16.58,P-code行數差異顯著; 低相似度
289,_dl_tls_initial_modid_limit_setup,Unknown,40,2,5.83,P-code行數差異顯著; 低相似度
292,__tls_pre_init_tp,Unknown,56,11,9.37,P-code行數差異顯著; 低相似度
705,save_for_wbackup,Unknown,186,20,7.40,P-code行數差異顯著; 低相似度
609,__gconv_transform_internal_ucs2,Unknown,5628,15,0.20,P-code行數差異顯著; 低相似度
1031,_Unwind_GetRegionStart,Unknown,5,24,11.47,P-code行數差異顯著; 低相似度
240,__get_nprocs,Unknown,22,203,10.28,P-code行數差異顯著; 低相似度
602,__gconv_transform_internal_ucs4le,Unknown,1410,29,2.67,P-code行數差異顯著; 低相似度
474,__strnlen,Unknown,8,2,30.04,P-code行數差異顯著; 低相似度
699,_IO_file_doallocate,Unknown,176,152,13.62,低相似度
830,__mpn_impn_mul_n_basecase,Unknown,67,37,22.61,P-code行數差異顯著; 低相似度
82,__divsi3,Unknown,67,18,0.98,P-code行數差異顯著; 低相似度
651,__gettext_extract_plural,Unknown,123,8,6.96,P-code行數差異顯著; 低相似度
973,__sync_val_compare_and_swap_1,Unknown,33,28,19.51,低相似度
962,__sync_and_and_fetch_2,Unknown,30,14,17.44,P-code行數差異顯著; 低相似度
24,attack_get_opt_ip,Unknown,7,32,20.66,P-code行數差異顯著; 低相似度
574,_dl_load_cache_lookup,Unknown,1009,15,0.50,P-code行數差異顯著; 低相似度
726,_IO_wmarker_delta,Unknown,28,148,15.93,P-code行數差異顯著; 低相似度
995,__gnu_Unwind_RaiseException,Unknown,178,134,9.33,P-code行數差異顯著; 低相似度
828,__mpn_mul,Unknown,300,27,3.44,P-code行數差異顯著; 低相似度
964,__sync_nand_and_fetch_2,Unknown,31,36,25.61,低相似度
263,__getsockopt,Unknown,25,63,28.59,P-code行數差異顯著; 低相似度
390,_IO_setb,Unknown,26,23,27.09,低相似度
586,__gconv_compare_alias,Unknown,81,588,11.84,P-code行數差異顯著; 低相似度
874,_dl_check_map_versions,Unknown,3105,5732,14.56,P-code行數差異顯著; 低相似度
594,read_conf_file,Unknown,472,117,3.35,P-code行數差異顯著; 低相似度
544,_dl_rtld_di_serinfo,Unknown,332,11,1.86,P-code行數差異顯著; 低相似度
764,___pthread_rwlock_rdlock,Unknown,233,65,14.06,P-code行數差異顯著; 低相似度
219,__fstat64_time64,Unknown,27,29,8.99,低相似度
38,killer_kill,Unknown,5,30,4.03,P-code行數差異顯著; 低相似度
226,__unlink,Unknown,22,23,18.24,低相似度
805,__libc_dlsym_private,Unknown,42,27,17.89,P-code行數差異顯著; 低相似度
772,strcpy,Unknown,3,206,2.86,P-code行數差異顯著; 低相似度
385,_IO_switch_to_get_mode,Unknown,85,298,9.40,P-code行數差異顯著; 低相似度
468,__libc_dynarray_emplace_enlarge,Unknown,72,6,15.51,P-code行數差異顯著; 低相似度
375,_IO_file_xsgetn,Unknown,249,10,4.18,P-code行數差異顯著; 低相似度
248,__munmap,Unknown,9,238,4.47,P-code行數差異顯著; 低相似度
146,__malloc_info,Unknown,32,14,23.72,P-code行數差異顯著; 低相似度
311,__syscall_error,Unknown,18,62,10.29,P-code行數差異顯著; 低相似度
884,_dl_find_object_dlclose,Unknown,88,47,15.65,P-code行數差異顯著; 低相似度
907,___dlvsym,Unknown,44,30,17.93,P-code行數差異顯著; 低相似度
1000,_Unwind_DeleteException,Unknown,7,80,13.98,P-code行數差異顯著; 低相似度
318,__sigjmp_save,Unknown,13,2,22.14,P-code行數差異顯著; 低相似度
990,_Unwind_decode_typeinfo_ptr,Unknown,9,18,41.72,P-code行數差異顯著; 低相似度
734,_IO_wfile_overflow,Unknown,347,10,3.67,P-code行數差異顯著; 低相似度
535,_dl_dst_substitute,Unknown,217,90,19.39,P-code行數差異顯著; 低相似度
362,_IO_new_file_overflow,Unknown,256,5,1.81,P-code行數差異顯著; 低相似度
942,__sync_fetch_and_sub_2,Unknown,29,4,14.02,P-code行數差異顯著; 低相似度
50,rand_init,Unknown,49,517,6.92,P-code行數差異顯著; 低相似度
343,_IO_fputs,Unknown,252,374,9.80,P-code行數差異顯著; 低相似度
32,attack_udp_dns,Unknown,1373,5,0.15,P-code行數差異顯著; 低相似度
70,util_atoi,Unknown,106,29,2.98,P-code行數差異顯著; 低相似度
806,__libc_dlsym,Unknown,43,14,19.98,P-code行數差異顯著; 低相似度
290,_dl_add_to_slotinfo,Unknown,262,2,0.97,P-code行數差異顯著; 低相似度
433,_IO_list_unlock,Unknown,104,22,16.26,P-code行數差異顯著; 低相似度
261,__libc_connect,Unknown,95,14,10.69,P-code行數差異顯著; 低相似度
782,__wmempcpy,Unknown,6,91,4.81,P-code行數差異顯著; 低相似度
713,__woverflow,Unknown,33,45,26.22,P-code行數差異顯著; 低相似度
847,_IO_getline_info,Unknown,97,17,7.80,P-code行數差異顯著; 低相似度
519,_dl_signal_exception,Unknown,39,108,10.02,P-code行數差異顯著; 低相似度
212,__run_postfork_handlers,Unknown,391,13,0.47,P-code行數差異顯著; 低相似度
35,checksum_generic,Unknown,33,2532,1.39,P-code行數差異顯著; 低相似度
740,__libio_codecvt_in,Unknown,81,119,3.99,P-code行數差異顯著; 低相似度
839,__printf_buffer_as_file_commit,Unknown,182,172,28.25,低相似度
268,__libc_sendto,Unknown,93,18,9.38,P-code行數差異顯著; 低相似度
49,unlock_tbl_if_nodebug,Unknown,274,1254,6.02,P-code行數差異顯著; 低相似度
963,__sync_xor_and_fetch_2,Unknown,30,36,12.34,低相似度
335,__fprintf,Unknown,9,57,19.33,P-code行數差異顯著; 低相似度
1033,read_uleb128,Unknown,20,8,2.65,P-code行數差異顯著; 低相似度
577,_dl_tlsdesc_undefweak,Unknown,4,67,3.61,P-code行數差異顯著; 低相似度
2,abort,Unknown,716,2,0.50,P-code行數差異顯著; 低相似度
646,_nl_make_l10nflist,Unknown,682,526,18.31,P-code行數差異顯著; 低相似度
1014,__gnu_Unwind_Restore_VFP_D,Unknown,2,127,2.38,P-code行數差異顯著; 低相似度
531,add_path,Unknown,96,6,4.19,P-code行數差異顯著; 低相似度
56,resolv_lookup,Unknown,845,57,1.33,P-code行數差異顯著; 低相似度
826,__mpn_divrem,Unknown,516,5,0.54,P-code行數差異顯著; 低相似度
592,add_module,Unknown,577,221,14.37,P-code行數差異顯著; 低相似度
171,_mid_memalign,Unknown,1408,69,1.95,P-code行數差異顯著; 低相似度
978,__sync_lock_test_and_set_4,Unknown,10,23,29.54,P-code行數差異顯著; 低相似度
277,_dl_debug_state,Unknown,1,26,3.86,P-code行數差異顯著; 低相似度
107,__cxa_atexit,Unknown,8,5,54.72,P-code行數差異顯著
45,resolve_cnc_addr,Unknown,41,28,16.50,P-code行數差異顯著; 低相似度
588,__gconv_close_transform,Unknown,253,50,9.29,P-code行數差異顯著; 低相似度
887,__mpn_add_n,Unknown,120,109,11.58,低相似度
358,_IO_new_file_finish,Unknown,67,63,11.10,低相似度
305,_dl_get_dl_main_map,Unknown,6,30,9.71,P-code行數差異顯著; 低相似度
623,do_release_all,Unknown,9,7,33.30,P-code行數差異顯著; 低相似度
364,_IO_file_sync_mmap,Unknown,46,5,6.46,P-code行數差異顯著; 低相似度
58,table_init,Unknown,2601,4,0.24,P-code行數差異顯著; 低相似度
482,__wcsmbs_clone_conv,Unknown,240,2,1.39,P-code行數差異顯著; 低相似度
899,dlopen_doit,Unknown,86,86,12.19,低相似度
987,__gnu_unwind_get_pr_addr,Unknown,30,100,23.35,P-code行數差異顯著; 低相似度
172,__libc_free,Unknown,182,103,23.83,P-code行數差異顯著; 低相似度
935,__sync_fetch_and_add_4,Unknown,11,330,3.30,P-code行數差異顯著; 低相似度
379,save_for_backup,Unknown,147,4,2.94,P-code行數差異顯著; 低相似度
481,__wcsmbs_load_conv,Unknown,541,3,1.00,P-code行數差異顯著; 低相似度
603,__gconv_transform_ucs4le_internal,Unknown,2242,29,0.62,P-code行數差異顯著; 低相似度
941,__sync_fetch_and_add_2,Unknown,29,60,8.41,P-code行數差異顯著; 低相似度
748,__printf_buffer_snprintf_done,Unknown,19,80,27.89,P-code行數差異顯著; 低相似度
266,__libc_recvfrom,Unknown,83,4,7.76,P-code行數差異顯著; 低相似度
194,__time64,Unknown,15,34,21.61,P-code行數差異顯著; 低相似度
541,_dl_process_pt_gnu_property,Unknown,128,21,6.44,P-code行數差異顯著; 低相似度
905,dlvsym_doit,Unknown,19,33,15.39,P-code行數差異顯著; 低相似度
1010,_Unwind_VRS_Pop,Unknown,18,5,20.51,P-code行數差異顯著; 低相似度
108,__run_exit_handlers,Unknown,1022,74,3.74,P-code行數差異顯著; 低相似度
688,__libc_printf_freemem,Unknown,49,4006,0.88,P-code行數差異顯著; 低相似度
66,util_strcmp,Unknown,28,39,14.80,P-code行數差異顯著; 低相似度
1018,__gnu_Unwind_Restore_WMMXD,Unknown,33,7,3.74,P-code行數差異顯著; 低相似度
494,__sched_get_priority_max,Unknown,8,14,9.69,P-code行數差異顯著; 低相似度
366,_IO_file_seekoff_mmap,Unknown,190,6,4.60,P-code行數差異顯著; 低相似度
743,__printf_buffer_flush_asprintf,Unknown,78,5,7.20,P-code行數差異顯著; 低相似度
412,_IO_flush_all_linebuffered,Unknown,1285,32,1.89,P-code行數差異顯著; 低相似度
304,_dl_non_dynamic_init,Unknown,8078,30,0.32,P-code行數差異顯著; 低相似度
31,attack_udp_vse,Unknown,882,11,0.84,P-code行數差異顯著; 低相似度
296,__tunable_is_initialized,Unknown,9,61,3.92,P-code行數差異顯著; 低相似度
807,__libc_dlvsym,Unknown,111,15,6.37,P-code行數差異顯著; 低相似度
650,__gettextparse,Unknown,908,145,4.25,P-code行數差異顯著; 低相似度
831,__mpn_impn_mul_n,Unknown,174,41,11.58,P-code行數差異顯著; 低相似度
883,_dl_find_object_update,Unknown,1848,478,8.15,P-code行數差異顯著; 低相似度
363,_IO_new_file_sync,Unknown,125,5,3.42,P-code行數差異顯著; 低相似度
416,_IO_remove_marker,Unknown,27,842,3.91,P-code行數差異顯著; 低相似度
395,_IO_sgetn,Unknown,29,7,27.28,P-code行數差異顯著; 低相似度
129,_dl_tunable_set_mmap_threshold,Unknown,17,10,35.91,P-code行數差異顯著; 低相似度
622,do_release_shlib,Unknown,91,152,14.91,P-code行數差異顯著; 低相似度
1032,_Unwind_GetLanguageSpecificData,Unknown,12,145,10.16,P-code行數差異顯著; 低相似度
671,__printf_buffer_to_file_done,Unknown,11,15,37.78,P-code行數差異顯著; 低相似度
319,getenv,Unknown,59,2,5.32,P-code行數差異顯著; 低相似度
787,__isatty,Unknown,7,426,1.73,P-code行數差異顯著; 低相似度
165,_int_memalign,Unknown,257,187,10.57,P-code行數差異顯著; 低相似度
999,_Unwind_Complete,Unknown,1,22,4.21,P-code行數差異顯著; 低相似度
148,malloc_consolidate,Unknown,252,14,2.71,P-code行數差異顯著; 低相似度
1002,_Unwind_GetGR,Unknown,6,4,38.34,P-code行數差異顯著; 低相似度
815,__gconv_destroy_spec,Unknown,7,218,5.04,P-code行數差異顯著; 低相似度
79,util_isdigit,Unknown,12,2,19.30,P-code行數差異顯著; 低相似度
241,__get_nprocs_conf,Unknown,22,69,12.08,P-code行數差異顯著; 低相似度
728,_IO_unsave_wmarkers,Unknown,52,117,16.73,P-code行數差異顯著; 低相似度
708,_IO_switch_to_wbackup_area,Unknown,26,251,11.89,P-code行數差異顯著; 低相似度
501,__new_getrlimit,Unknown,20,8,10.84,P-code行數差異顯著; 低相似度
545,check_match,Unknown,96,11,7.92,P-code行數差異顯著; 低相似度
648,_nl_explode_name,Unknown,151,12,3.58,P-code行數差異顯著; 低相似度
696,__wprintf_buffer_to_file_init,Unknown,28,260,4.77,P-code行數差異顯著; 低相似度
516,__fortify_fail,Unknown,8,88,6.36,P-code行數差異顯著; 低相似度
810,__gconv_open,Unknown,829,4,0.71,P-code行數差異顯著; 低相似度
346,new_do_write,Unknown,171,10,6.82,P-code行數差異顯著; 低相似度
530,open_verify,Unknown,1246,264,5.06,P-code行數差異顯著; 低相似度
224,__libc_read,Unknown,85,82,13.16,低相似度
729,adjust_wide_data,Unknown,75,154,17.60,P-code行數差異顯著; 低相似度
877,_dl_addr_inside_object,Unknown,55,754,3.28,P-code行數差異顯著; 低相似度
996,__gnu_Unwind_ForcedUnwind,Unknown,18,411,6.15,P-code行數差異顯著; 低相似度
882,_dl_find_object_init,Unknown,425,97,4.01,P-code行數差異顯著; 低相似度
668,__printf_buffer_to_file_switch,Unknown,22,493,2.81,P-code行數差異顯著; 低相似度
628,free_category,Unknown,132,582,8.27,P-code行數差異顯著; 低相似度
640,_nl_load_domain,Unknown,9152,152,0.28,P-code行數差異顯著; 低相似度
246,__mmap,Unknown,44,63,28.66,P-code行數差異顯著; 低相似度
62,add_entry,Unknown,20,37,9.49,P-code行數差異顯著; 低相似度
906,__dlvsym,Unknown,48,159,13.47,P-code行數差異顯著; 低相似度
934,__unorddf2,Unknown,22,641,3.29,P-code行數差異顯著; 低相似度
438,_IO_str_init_readonly,Unknown,50,39,14.11,P-code行數差異顯著; 低相似度
127,__pthread_self,Unknown,3,385,1.22,P-code行數差異顯著; 低相似度
606,__gconv_transform_internal_utf8,Unknown,5823,675,3.18,P-code行數差異顯著; 低相似度
873,_dl_sort_maps,Unknown,1006,4,0.74,P-code行數差異顯著; 低相似度
124,__pthread_kill_implementation,Unknown,88,193,18.11,P-code行數差異顯著; 低相似度
30,attack_udp_generic,Unknown,1029,1,0.09,P-code行數差異顯著; 低相似度
5,_Unwind_GetTextRelBase,Unknown,2,2,53.08,
413,__libio_freemem,Unknown,30,290,4.53,P-code行數差異顯著; 低相似度
355,_IO_new_do_write,Unknown,11,4,40.62,P-code行數差異顯著; 低相似度
475,strrchr,Unknown,5,2,42.11,P-code行數差異顯著; 低相似度
506,tdestroy_recurse,Unknown,19,638,2.58,P-code行數差異顯著; 低相似度
958,__sync_nand_and_fetch_4,Unknown,12,22,3.83,P-code行數差異顯著; 低相似度
388,__underflow,Unknown,190,235,14.62,P-code行數差異顯著; 低相似度
441,_IO_str_count,Unknown,16,39,28.19,P-code行數差異顯著; 低相似度
833,__mpn_impn_sqr_n,Unknown,162,69,8.71,P-code行數差異顯著; 低相似度
857,__getclktck,Unknown,12,4,35.57,P-code行數差異顯著; 低相似度
881,__dl_find_object,Unknown,1033,648,8.19,P-code行數差異顯著; 低相似度
766,___pthread_rwlock_wrlock,Unknown,389,52,7.09,P-code行數差異顯著; 低相似度
373,_IO_new_file_write,Unknown,63,23,11.30,P-code行數差異顯著; 低相似度
607,__gconv_transform_utf8_internal,Unknown,2997,93,1.12,P-code行數差異顯著; 低相似度
897,__dlmopen,Unknown,18,59,10.66,P-code行數差異顯著; 低相似度
33,attack_udp_plain,Unknown,253,1,0.37,P-code行數差異顯著; 低相似度
440,_IO_str_underflow,Unknown,42,203,8.31,P-code行數差異顯著; 低相似度
774,__strdup,Unknown,9,106,8.47,P-code行數差異顯著; 低相似度
185,__libc_mallopt,Unknown,157,44,9.30,P-code行數差異顯著; 低相似度
98,__sigprocmask,Unknown,21,13,27.81,P-code行數差異顯著; 低相似度
53,rand_alphastr,Unknown,121,304,7.09,P-code行數差異顯著; 低相似度
866,add_to_global_resize,Unknown,158,200,19.71,P-code行數差異顯著; 低相似度
11,__do_global_dtors_aux,Unknown,25,2,11.28,P-code行數差異顯著; 低相似度
994,_Unwind_GetCFA,Unknown,4,35,4.82,P-code行數差異顯著; 低相似度
848,_IO_getline,Unknown,2,15,1.69,P-code行數差異顯著; 低相似度
377,_IO_file_xsgetn_maybe_mmap,Unknown,26,572,2.21,P-code行數差異顯著; 低相似度
928,__aeabi_cdcmpeq,Unknown,2,2053,0.06,P-code行數差異顯著; 低相似度
918,_dl_lookup_direct,Unknown,88,463,15.59,P-code行數差異顯著; 低相似度
279,_dl_debug_initialize,Unknown,134,40,9.45,P-code行數差異顯著; 低相似度
491,__sched_cpucount,Unknown,29,41,30.66,P-code行數差異顯著; 低相似度
89,__libc_setup_tls,Unknown,509,15,2.62,P-code行數差異顯著; 低相似度
188,memcpy,Unknown,603,679,6.11,低相似度
291,_dl_init_static_tls,Unknown,164,38,8.31,P-code行數差異顯著; 低相似度
930,__aeabi_dcmplt,Unknown,2,35,4.59,P-code行數差異顯著; 低相似度
228,__close_nocancel,Unknown,21,78,19.13,P-code行數差異顯著; 低相似度
567,_dl_relocate_object,Unknown,7353,7,0.09,P-code行數差異顯著; 低相似度
460,__pthread_once_slow,Unknown,200,57,5.79,P-code行數差異顯著; 低相似度
400,_IO_init_internal,Unknown,82,28,9.62,P-code行數差異顯著; 低相似度
625,__gconv_release_shlib,Unknown,11,308,1.92,P-code行數差異顯著; 低相似度
885,_dl_find_object_freeres,Unknown,60,106,17.28,P-code行數差異顯著; 低相似度
9,deregister_tm_clones,Unknown,20,2,27.11,P-code行數差異顯著; 低相似度
912,_dl_call_libc_early_init,Unknown,83,13,14.99,P-code行數差異顯著; 低相似度
92,__aeabi_read_tp,Unknown,4,28,7.92,P-code行數差異顯著; 低相似度
389,__uflow,Unknown,202,358,19.54,P-code行數差異顯著; 低相似度
113,____strtol_l_internal,Unknown,797,49,2.12,P-code行數差異顯著; 低相似度
328,____strtoul_l_internal,Unknown,682,77,4.71,P-code行數差異顯著; 低相似度
736,_IO_wfile_seekoff,Unknown,2063,51,0.48,P-code行數差異顯著; 低相似度
132,_dl_tunable_set_perturb_byte,Unknown,9,609,1.86,P-code行數差異顯著; 低相似度
902,dlsym_doit,Unknown,15,198,6.52,P-code行數差異顯著; 低相似度
700,_IO_new_fclose,Unknown,661,208,6.48,P-code行數差異顯著; 低相似度
112,__isoc23_strtol,Unknown,17,24,30.11,P-code行數差異顯著; 低相似度
613,find_module_idx,Unknown,75,11,4.99,P-code行數差異顯著; 低相似度
637,__intl_freemem,Unknown,181,3292,2.83,P-code行數差異顯著; 低相似度
220,__fstat64,Unknown,39,128,13.14,P-code行數差異顯著; 低相似度
576,_dl_tlsdesc_return,Unknown,1,14,5.15,P-code行數差異顯著; 低相似度
331,_itoa_word,Unknown,111,168,21.89,P-code行數差異顯著; 低相似度
448,__libc_cleanup_pop_restore,Unknown,53,109,18.37,P-code行數差異顯著; 低相似度
206,__libc_fork,Unknown,3337,1306,0.61,P-code行數差異顯著; 低相似度
554,_dl_get_origin,Unknown,58,19,18.93,P-code行數差異顯著; 低相似度
137,_dl_tunable_set_tcache_count,Unknown,13,18,42.82,P-code行數差異顯著; 低相似度
533,add_name_to_object,Unknown,163,438,6.43,P-code行數差異顯著; 低相似度
1009,__aeabi_unwind_cpp_pr2,Unknown,2,15,30.08,P-code行數差異顯著; 低相似度
39,killer_kill_by_port,Unknown,1110,19,1.13,P-code行數差異顯著; 低相似度
543,_dl_map_object,Unknown,6242,31,0.20,P-code行數差異顯著; 低相似度
741,__libio_codecvt_encoding,Unknown,20,51,26.34,P-code行數差異顯著; 低相似度
593,add_alias2,Unknown,54,776,2.54,P-code行數差異顯著; 低相似度
105,__new_exitfn,Unknown,180,5,2.00,P-code行數差異顯著; 低相似度
156,sysmalloc_mmap,Unknown,349,20,3.68,P-code行數差異顯著; 低相似度
991,_Unwind_DebugHook,Unknown,1,520,0.18,P-code行數差異顯著; 低相似度
158,_int_free_maybe_consolidate,Unknown,1851,170,3.78,P-code行數差異顯著; 低相似度
